var_index,0,1,2,3,4,5,6,7,8,9,10,11,12,13,14,15,16,17,18,19,20,21,22,23,24,25,26,27,28,29,30,31,32,33,34,35,36,37,38,39,40,41,42,43,44,45,46,47,48,49,50,51,52,53,54,55,56,57,58,59,60,61,62,63,64,65,66,67,68,69,70,71,72,73,74,75,76,77,78,79,80,81,82,83,84,85,86,87,88,89
0,1.0,0.6499001032176773,0.3684351508743296,0.3436879224934462,0.5013530685573111,0.4325042729325273,0.38222689373905444,0.3634668509208499,0.6658267430784165,0.8315469377849904,0.5700542165857161,0.3966434693434853,0.5593303537479288,0.6096707323363867,0.4852970513731153,0.13060772540358978,0.24816830341933505,0.5971853083929284,0.7546334396140195,0.8512804643071004,0.22164131915729676,0.2923301009836401,0.4134838708786968,0.40528590883307153,0.23328011545444455,0.2721535852945974,0.5717715597605679,0.6086043311000536,0.8036349941322618,0.2367068475554902,0.3388350320804342,0.017762593673910376,0.23488041133284546,0.25747373843521165,0.28555351931667966,0.5275691886897291,0.6822889449095233,0.6698945820130389,0.19145767391490742,0.1612467897515532,0.11164830185052171,0.22099447001867736,0.07669360031240631,0.22781913138537402,0.4168671659870153,0.5689043871122799,0.8491604224827038,0.3354425217667903,0.08683641771359092,0.26488854193471145,0.18406963358522305,0.11639045674709829,0.23179332693620114,0.4306632195711982,0.8106980501688136,0.7238963957726182,0.3804090808863209,0.17821634088348562,0.3641060574999237,0.27254522005874765,0.07355040563051496,0.2018065285590308,0.41354638221414075,0.5881911143844692,0.7169515411160444,0.14299347223829117,0.1277191809576356,0.2501214700480344,0.11895468202555777,0.1833924209273663,0.09844864801476928,0.24311891032103433,0.5112753887045869,0.6722724715618692,0.320016432194443,0.19538942675477378,0.2529459290403689,0.1758203927480307,0.2623664212333222,0.12471433608453762,0.4237920726090131,0.6783522863122559,0.8539289066201057,0.42608938260984114,0.20516312498959594,0.29923730431029844,0.5225953338903494,0.31805531870363973,0.06187037550407324,0.17003626198721336
1,0.6499001032176773,1.0,0.481062448405344,0.6076058679297506,0.5255237955790529,0.32286470218455143,0.4399492013339783,0.6354767856402488,0.5571036140451867,0.7394711310573768,0.8351614185178716,0.5548572472059009,0.6241581008380811,0.7347601140400891,0.4090762233624049,0.33442693553298425,0.5153947834878233,0.47207434386127833,0.8144327323900602,0.780945320137603,0.47457346993677546,0.5529575441986536,0.7671818995287758,0.44972625679224826,0.3499290607473685,0.5631876398983453,0.5321930187153014,0.5656785147007569,0.7058369441279672,0.7341643214939266,0.5788749407387422,0.24398278513259886,0.39304446412809435,0.31102123061952636,0.6076658608853366,0.42645410273327067,0.6697434564244786,0.5005970342126935,0.7073732492804995,0.4046324910616092,0.4879765844169136,0.3356904375941441,0.32698003387245433,0.5760182564862296,0.41032379326273377,0.5528243703880769,0.7235111302161266,0.7961779159271061,0.315956970314717,0.5391811969550526,0.3370231453358959,0.2680248410376576,0.6286941379623835,0.4523069143048217,0.4976364599640116,0.46590647405960456,0.8288367844432108,0.37880206669910926,0.5060968997948161,0.265375221101205,0.0791590824736359,0.5482692529663569,0.3561071163188188,0.4871698166610386,0.5757726971185062,0.3877817628952993,0.22611881176447676,0.49369142302991453,0.31426619718648124,0.09917634662098591,0.501302557352901,0.39431628378136274,0.6687768886912958,0.6738646947622696,0.72717260589723,0.49092316826365845,0.4935129160634592,0.6031282330244726,0.3741224465469126,0.08735376231214935,0.3657303481243852,0.4709765456859603,0.55095117293927,0.765357101558876,0.3766449863812631,0.40017732521083993,0.5576882144017585,0.3373203274182357,0.330125317887665,0.5208051505969974
2,0.3684351508743296,0.481062448405344,1.0,0.42129424361577433,0.40976527190661777,0.6740809097450223,0.4185868215422356,0.4823331621250461,0.5358856868215756,0.674369416601532,0.3730357206148134,0.833783481327097,0.47263848103771294,0.5443369482247622,0.4443009903873444,0.3334235467825132,0.3916515878083359,0.5058452359665455,0.6795823618515292,0.22361899540877953,0.8730185364566387,0.30053631535956127,0.4756425409180898,0.4803966373049325,0.2989244984260765,0.42698100614219875,0.37939817659861463,0.83411702823732,0.5381355711169585,0.47915637917980974,0.42357816580836505,0.22932569063413552,0.7327228809729077,0.39005551293152585,0.6694905838902406,0.7206876278329714,0.6640476716658608,0.0970881351295129,0.28875951033521197,0.889345539440145,0.46687120571589713,0.5244538101213141,0.18859797028937514,0.42861736543355655,0.4661514403688533,0.49407640774447387,0.3704031857202006,0.41792904711422457,0.8671657350304237,0.4053544735645522,0.5866518766144606,0.31071396304827714,0.506234558595809,0.6095672570076773,0.34661826661345535,0.11019309034027795,0.25905409115639677,0.9009779592898397,0.42365326737809433,0.13573480948529992,0.18845157882927122,0.3366820071895079,0.3449866751485231,0.5937952017185849,0.3295318364117182,0.24619433980324135,0.763296545499191,0.48289678070309705,0.36689659663774016,0.44737391327118403,0.4302035052373006,0.3627268585391165,0.5651114788421864,0.2074256436379275,0.3259820100109739,0.7627443829928636,0.23957262099653337,0.38988422907288917,0.5351308819069802,0.3336386569269909,0.5125635274773366,0.5185705908514714,0.30485068927344616,0.4375848838201722,0.7665619973301947,0.37915347028972146,0.737148519293863,0.7006701466163154,0.25250958575767435,0.4395015655041783
3,0.3436879224934462,0.6076058679297506,0.42129424361577433,1.0,0.6006518611402385,0.3748001827076447,0.3999303156353022,0.25022007546884434,0.5818238162370062,0.5208919562591293,0.5345251212298906,0.315227942890345,0.8558810354324419,0.505826933988767,0.31099945800924006,0.385208663101795,0.1751681973885814,0.46043669418502703,0.5842078914141141,0.4029840257083511,0.4208456619344464,0.906333712993923,0.44963517830221367,0.4361772805355434,0.3134989822658709,0.2872900769509344,0.5853212372129448,0.49377248513749256,0.4049541254882547,0.4212642464068041,0.9555009963134425,0.3708001103850928,0.32394425999815696,0.5009149750028294,0.49388986142866,0.4539815408831978,0.6401867816446378,0.42970582364816634,0.632477557283571,0.3658713946866391,0.46509828770049,0.4534721847296163,0.40273334456421234,0.20974616883853822,0.5623381429523442,0.5909071578587972,0.3752329204203776,0.5952580344296267,0.30650329372236795,0.942461904850339,0.42025665965010506,0.5064163263408757,0.379525305992919,0.4758882284079987,0.2224223711568496,0.18512601414073052,0.5969365986167114,0.27045155859664793,0.8579932571690417,0.18615313482801948,0.2712656658228944,0.26048741004724413,0.24021852336371355,0.5867834566413059,0.5006616113396251,0.3533951148956888,0.540636772230636,0.885209860852002,0.48303023940865325,0.2546328457614368,0.1660441915576176,0.5003326172561717,0.4778949441935584,0.3307691426274373,0.35869298098979924,0.4214543803538972,0.807199452760456,0.46872833055716756,0.32847817937516244,0.18589837073502874,0.3992525687221863,0.29504225549238866,0.2791867922900906,0.5420129655864588,0.3035318167370019,0.7852300167580271,0.35249673876945326,0.2561826796237263,0.3846897441454161,0.2301689392517038
4,0.5013530685573111,0.5255237955790529,0.40976527190661777,0.6006518611402385,1.0,0.4030896022354878,0.25639708358364677,0.2736648176740101,0.3589601679002231,0.4758628692073228,0.35778956942768614,0.30942824158199933,0.6499386287513845,0.3770695017430582,0.2869973695464338,0.10545138916511651,0.078713044761531,0.24395849110607398,0.44004995859910256,0.44025724546412115,0.34000661442050056,0.5068161924771728,0.4169268107606415,0.3362721309810962,0.07666439821371619,0.20820036000796513,0.37245971058816674,0.6086968387951902,0.5737481096589888,0.32775836317128243,0.568818001644099,0.4825175949491902,0.42543248949388046,0.4556037549994573,0.5180435206128607,0.4414423645237398,0.5169089138533061,0.5112778315711116,0.24571799683563308,0.3064608480611852,0.2961289864663782,0.40054310894108736,0.3536732101209305,0.18500854154995264,0.25941647905563947,0.8002897581775579,0.43428929641574304,0.3607930471167945,0.360968821019138,0.6269834002078497,0.3033224882988114,0.2142386826139234,0.3988626100161425,0.2738451752738921,0.3722886140191403,0.3728377557419232,0.40877957005146515,0.36733305124896465,0.6683707632132866,0.19569358381950624,0.03692700256103142,0.27427811259228824,0.18890418130194445,0.26315028533639767,0.35928416036758676,0.04284529429175465,0.3547485045673175,0.4740124119715037,0.1625255922943193,0.14590653049857336,0.17600549985557865,0.18315231978088617,0.29230562221507134,0.21579588573201172,0.03739715602720406,0.22651636031495498,0.49245313594392753,0.17352475142979018,0.20433955928415035,0.05439560433115119,0.14962005565418446,0.56335561416842,0.35474865403110184,0.36233939233678897,0.2462641912980449,0.4771299035261151,0.27247266496422257,0.2641591733859598,0.1789454405348885,0.16189172075564565
5,0.4325042729325273,0.32286470218455143,0.6740809097450223,0.3748001827076447,0.4030896022354878,1.0,0.6982561542437409,0.4424049130445602,0.6530152313284538,0.5920006214330276,0.15642160839762825,0.4628178362618852,0.4314191212494004,0.34166551124816863,0.7879402778397196,0.5077592374257146,0.431393931805206,0.49488134537442924,0.5752383229298981,0.2784393289917872,0.40432994499755887,0.3322111613995907,0.4092442043851464,0.8742943825981675,0.30002011049973815,0.5126591207785013,0.6004621940192393,0.6818915429113949,0.4573412465944478,0.3599738947815556,0.42846085567553766,0.2690714948012355,0.846617934042903,0.5817101329399603,0.5240771187342164,0.72900238084166,0.6257894325769752,0.3525252885723044,0.20204939414180229,0.5585931910219195,0.5076005193397384,0.8441670673593644,0.414258182189049,0.3578664720069196,0.643957842894584,0.5807254437942931,0.5027284559144353,0.24887146242402314,0.44300879374886637,0.37740711924748943,0.8417489340017622,0.4745914145177935,0.3778373272804649,0.6487540350904892,0.6592331513853074,0.4397759200193891,0.191083920017436,0.579292442580648,0.48251186131547635,0.13592368483628134,0.36777600432049534,0.446678046459455,0.5203502835926231,0.6287099676661789,0.5985000832205267,0.06374907949200098,0.5545758505905227,0.3723251665649195,0.41490056817027493,0.8342927145478682,0.2876649841865118,0.3757823886395943,0.586737598663734,0.36487032785052664,0.15391865500366303,0.36074821831378123,0.34475459805294323,0.2541426976105542,0.706285510472421,0.4364669511015112,0.6117057001370994,0.5274658268477511,0.3417457834597337,0.17229780318172533,0.3744274458871253,0.42003675095029525,0.5714394546682071,0.8269519607316407,0.29524537176014,0.36915297711733364
6,0.38222689373905444,0.4399492013339783,0.4185868215422356,0.3999303156353022,0.25639708358364677,0.6982561542437409,1.0,0.48448480691448303,0.44078666619665424,0.526671416836263,0.3741205023647422,0.3300497804774057,0.32432209327493616,0.48010504912602275,0.5038456122773955,0.7782519615815137,0.3908832052969511,0.3747840424261193,0.5242305474342875,0.3650757491123486,0.2097217833619347,0.40254822576331106,0.606088933978399,0.7454545103482672,0.636554152421462,0.4866963238872099,0.4507487756601157,0.4804232654700401,0.32656951966948694,0.5703546022416841,0.39968823810847215,0.22977360143424466,0.563668898926626,0.6658142126290257,0.462276242987763,0.4229455669045776,0.658923578406301,0.3465894731239101,0.5573278213427982,0.2981779045350269,0.6116838880892196,0.5241320078380743,0.6158065278624918,0.3140490002774672,0.4083808428840865,0.49511328300630425,0.5240484156925032,0.5449828406644946,0.0925478090534809,0.36497684756704,0.7372244558810069,0.7559471702939001,0.389966426701896,0.577155183821765,0.5744292912515911,0.21459268468669418,0.42775933192504056,0.14198776127486412,0.3121488850994863,0.2697468997599967,0.7151513755610597,0.4807056862366951,0.3641030393966011,0.6386591849735554,0.6947426983709756,0.46381450976209154,0.35715943779535275,0.3911043539597807,0.7052420099847183,0.7177757423040795,0.32085571150401093,0.491206799494375,0.5363837892547945,0.43045304671409096,0.3566100869897757,0.09599940645800936,0.385160519711936,0.3134048046921047,0.3640732764496259,0.6604556333190373,0.3841895942102823,0.2960406309106632,0.26623399456757624,0.36104264948546183,0.16500991612919622,0.29037108207303114,0.4511200681240365,0.5688387206390008,0.5697465533447983,0.30362906047146526
7,0.3634668509208499,0.6354767856402488,0.4823331621250461,0.25022007546884434,0.2736648176740101,0.4424049130445602,0.48448480691448303,1.0,0.4368534038413254,0.41083817618305757,0.367408490897548,0.4669983195806059,0.1759918958956889,0.5135137613549552,0.5113617900151496,0.46415912980006474,0.9412944528832689,0.39501351285850517,0.5754860259849973,0.4329347637985244,0.44262862221736415,0.23574453152438254,0.5779630251771464,0.6287725855788432,0.2814196845368237,0.9239077881308084,0.38862244063796025,0.38224486225497306,0.4038398607959361,0.5941308079241959,0.2557616907252846,0.1223238972609937,0.5368992725538394,0.2770439640810497,0.8468231626040272,0.39505262604884167,0.5304610516118992,0.3045226214842383,0.48521743813330953,0.45034753969096214,0.657948689889005,0.45765697440895836,0.4370929131533079,0.9322333025714618,0.3688868449580036,0.30944509445611296,0.5487862288733141,0.42586850402226284,0.4016703429863754,0.21546148295537415,0.5412559978210616,0.21446598475685966,0.9174878228079953,0.471582328899748,0.4355105412877593,0.26282609772978893,0.4584041959372977,0.4423507100645699,0.16603454408109242,0.006523095229115672,0.19172635762177287,0.9405984434985584,0.44088212476322486,0.3161773762918955,0.46585390461931103,0.11090274699103853,0.33893376087094956,0.164807923536628,0.3427773810899297,0.41942162718078,0.9417573878718254,0.45549226981187607,0.753785587660823,0.6515362727502984,0.6568571631509806,0.5403740025884983,0.25396855287080916,0.598929548082603,0.6087595089412939,0.45328503520002833,0.42684383245444507,0.5542436592917194,0.3780580386875179,0.5613809947510214,0.5121363781864532,0.21624127432173124,0.596019687881052,0.6762785931643216,0.4297316251343345,0.932006771805192
8,0.6658267430784165,0.5571036140451867,0.5358856868215756,0.5818238162370062,0.3589601679002231,0.6530152313284538,0.44078666619665424,0.4368534038413254,1.0,0.7617838107835297,0.4249203246951498,0.36774152355002865,0.6463475506787615,0.42979951881858797,0.7279513279518318,0.3510926389143129,0.43818900448846143,0.8191525099139455,0.7425729183815141,0.5478609395401727,0.4130090261131563,0.5558848192745651,0.3358901027777823,0.6625648278749889,0.24342775769181993,0.46530271158125686,0.8447649045151712,0.5614204249606879,0.4738637400993201,0.19516296024007215,0.6281139192263695,0.13847260102189768,0.4123558793068251,0.2898358488042955,0.39449541584484404,0.6767414096080987,0.7449497977945854,0.42176924099385954,0.2965896673818091,0.3570572705457557,0.36336924543714644,0.5984278617574689,0.18429155733452682,0.3597512887899514,0.8246567069227831,0.4988430372838429,0.6184233282656999,0.33918281327228034,0.3052799612774813,0.5361564315521248,0.5107317385536356,0.33434903129902455,0.33864273549093327,0.668522506275245,0.616656531587695,0.5169625806277208,0.32424821493878514,0.394705291177415,0.5800496507947334,0.09910690034163344,0.10627134023064908,0.3907793901155794,0.620892713164794,0.756218692381484,0.7416638289509502,0.2227220314392263,0.5249652049352448,0.5320015297487849,0.3643175380020914,0.5474337748244087,0.26952459223826347,0.6504647485237977,0.7135799746172072,0.6291980521526358,0.3884384809728486,0.45582283215832886,0.5223574751689979,0.3164302653624271,0.5435622751880587,0.1532113841822273,0.7771196001058494,0.5691076654866677,0.6518090634820948,0.49673728235869585,0.39340227749577944,0.6233804327389663,0.6453908819723003,0.6286594032362228,0.3784538551823024,0.3553218215684862
9,0.8315469377849904,0.7394711310573768,0.674369416601532,0.5208919562591293,0.4758628692073228,0.5920006214330276,0.526671416836263,0.41083817618305757,0.7617838107835297,1.0,0.7513009521805162,0.6950534209716279,0.7004605028914498,0.7097769590796523,0.6016520510558235,0.3426839990195217,0.30493796322803546,0.7137534497991355,0.9211555800913435,0.7596112177091365,0.5982056373398436,0.4924820816369914,0.6051764626263709,0.5591391478463218,0.3041254839493303,0.3966412766084423,0.6200023380386379,0.7442284410781408,0.7829561235697782,0.43094184074290803,0.5514907623128223,0.10712576181211063,0.4708918486128552,0.36919832537379915,0.39843496835841846,0.6733735211210722,0.8053355801943094,0.5068790270203702,0.4774179118704263,0.5278301109754603,0.32084404202675276,0.4281340327589214,0.10250351345634685,0.3463745120902002,0.6269240320896471,0.5593641984652704,0.777642568174296,0.5868759518567845,0.4327843275389022,0.5051344162032518,0.4101906410392534,0.30802628691660755,0.32466854948509843,0.6167879871671189,0.7214666789959228,0.6244599457973611,0.5492018273165582,0.4643578203931832,0.5068258165367496,0.22685538508436828,0.14356845122338638,0.28427599608519327,0.5242578297903845,0.7853222285778315,0.7520740480097355,0.2642426373170747,0.44058599646572233,0.5123923357126959,0.31121457372046424,0.3634989221843026,0.23821055549950668,0.45044727242983185,0.6599862261889132,0.6434395786934686,0.5320657892362103,0.4408841108482493,0.45170875717428816,0.3257299007436603,0.45961069664361887,0.1593697893463242,0.5870337695713344,0.6034132284728534,0.7711904837929597,0.6835090042695209,0.5220957902603305,0.5252649645081512,0.6674247173174468,0.5563747091028693,0.32337317847704466,0.2721495938912967
10,0.5700542165857161,0.8351614185178716,0.3730357206148134,0.5345251212298906,0.35778956942768614,0.15642160839762825,0.3741205023647422,0.367408490897548,0.4249203246951498,0.7513009521805162,1.0,0.6483921885028673,0.6517960028805261,0.7905843583803577,0.3501811864667316,0.3927223388827777,0.29403372186314863,0.5163802485794448,0.7446650859321425,0.7673384598625694,0.5382186332135404,0.5758431881650357,0.7547091255272794,0.33966518189995404,0.4164053929583422,0.40000540891848685,0.34756873343993494,0.37978700808627774,0.6945206143888779,0.616602847835926,0.5666169405753119,0.06817725671743585,0.24160483784770181,0.3061772590644487,0.34581797133760916,0.40348206636011164,0.5289068026900614,0.49369130852824405,0.7941563552472836,0.42992325230831524,0.4172154364934802,0.2130145199345286,0.18124302560433278,0.3921823163233671,0.44859714338139084,0.2639707355811786,0.6840396743346859,0.8403780147028781,0.26965070271511826,0.5344447072137046,0.16816740150272572,0.2517366727706411,0.36499486830739175,0.33662043068708375,0.36126663118301633,0.506868735946643,0.836356091365178,0.20638074749443006,0.4338024367406748,0.1334021701221477,0.1988001410307496,0.29702517226060254,0.3356962453073243,0.4891867300970677,0.6227313342798384,0.41527253037662465,0.18875510704270554,0.5544140761670568,0.2979185264563701,0.06500113785642171,0.281149277359333,0.39613218320653254,0.3777074472066043,0.654035509796587,0.7292580635259795,0.303802888792842,0.45595268026125685,0.36103864268120467,0.2364355386951474,0.07993112043351872,0.32619865077904736,0.17709196849806405,0.5713498274315838,0.8216193995279486,0.448858236904555,0.4387196372640559,0.4081282458540432,0.23015963527003797,0.4203324569156565,0.2948201423109693
11,0.3966434693434853,0.5548572472059009,0.833783481327097,0.315227942890345,0.30942824158199933,0.4628178362618852,0.3300497804774057,0.4669983195806059,0.36774152355002865,0.6950534209716279,0.6483921885028673,1.0,0.46233562517300336,0.7760181763343247,0.4379265841924521,0.4349518972454515,0.420643668055349,0.556664577947609,0.6603580320399889,0.42851879743573795,0.8973255558941301,0.27979833042212887,0.6305436046999974,0.437076185267191,0.40157798136976564,0.49927734884620384,0.26985518812406345,0.6513929318908689,0.7242247997774869,0.6061631550902674,0.34374055211373283,0.13264774766834775,0.66327014701293,0.4343588267721063,0.6168222435915864,0.711950536678693,0.4782549694696004,0.2679239896632988,0.4779449437670086,0.8954194970986069,0.4746541444922799,0.4515300119108373,0.17406827895641375,0.49399554798981177,0.45466493709008676,0.19437549078922217,0.49985663012225295,0.5695505719791009,0.8122995951978822,0.30808015392929416,0.44819557947278155,0.26242856267629816,0.5015796883706493,0.4756319596739755,0.29887493416088484,0.26383258961248096,0.4206965397479948,0.7360874604684636,0.2880515578929625,0.07347095684862719,0.24567313589233086,0.3203780322378086,0.3934078451815382,0.4363513562779748,0.3521440237928003,0.30040426623058436,0.6204277080267472,0.39350348940346985,0.315795616092489,0.3346578233012862,0.44858534395565997,0.32003132231611997,0.373813770183138,0.38051572942065526,0.48286602013846464,0.6699239492051497,0.17153028131261192,0.33219828224529496,0.5459764008017712,0.31283941216041017,0.49598826975431437,0.3527444781152539,0.44429158284675313,0.6003949896884642,0.8639003846883484,0.31527436762431615,0.6836567580049483,0.6327620853594167,0.34641593430458806,0.48330745373977246
12,0.5593303537479288,0.6241581008380811,0.47263848103771294,0.8558810354324419,0.6499386287513845,0.4314191212494004,0.32432209327493616,0.1759918958956889,0.6463475506787615,0.7004605028914498,0.6517960028805261,0.46233562517300336,1.0,0.618813026948729,0.5106035029151957,0.35497714278315196,0.11631455857041825,0.587329548786459,0.7029009552205786,0.6331027795399845,0.5110177201739693,0.8527774140318615,0.47324497944305327,0.4494863630387315,0.31678527910081117,0.22756053175670884,0.5579311528027394,0.5061430603425918,0.6143478007507941,0.28081258171482293,0.8893491525222668,0.19098442559423676,0.31887871666583006,0.35019859580057,0.3558501416604389,0.4996921047305128,0.6800039545063531,0.6541713364431847,0.5352710808724944,0.43656637447758384,0.3523825014069037,0.4968758353847473,0.22411009422318148,0.11752026951740487,0.5480188101795733,0.5242130480860744,0.5919643724001211,0.5262146365955297,0.29826827417411783,0.8718410312401714,0.3037304686154572,0.2916678047395137,0.24117823704379587,0.35945490659212126,0.37626436075599595,0.48937704619829764,0.578475109935746,0.327758621105699,0.849075898433547,0.15443747642168393,0.14952749909448804,0.12887114309446085,0.2604668558736282,0.6091367718456583,0.6556957161381652,0.291087654567695,0.40443605322021303,0.8210052919247863,0.24634802966556452,0.2603472256997302,0.054797704828740426,0.31693623165423407,0.4499624016018818,0.4887385731150605,0.3379207060134057,0.44988681049593165,0.7592663172068316,0.37777061595093536,0.3258044773967374,0.040658812892167114,0.4288056040172193,0.3936623784629422,0.565901711617127,0.5795254638368565,0.37471241241410197,0.7846620387615851,0.41257616822257814,0.32878978351219107,0.26751529703987403,0.11184530111033146
13,0.6096707323363867,0.7347601140400891,0.5443369482247622,0.505826933988767,0.3770695017430582,0.34166551124816863,0.48010504912602275,0.5135137613549552,0.42979951881858797,0.7097769590796523,0.7905843583803577,0.7760181763343247,0.618813026948729,1.0,0.4096379849089901,0.5743946826296676,0.42609666693212356,0.6159578892636385,0.7379575905197794,0.7593522530726463,0.6092600927967474,0.500038016002579,0.7594330792666061,0.4662812404893955,0.6040535112409262,0.5153285646484287,0.3846340390196681,0.5659855648277569,0.8354265449245901,0.7008359118472182,0.48815824064408087,0.17753577733588527,0.4645578727608173,0.5093773076699423,0.6049479075155181,0.5643188930727236,0.5943791007619418,0.5917922494616803,0.6711364322507064,0.597611033129,0.5544360357377116,0.3870497892160935,0.35211901613762536,0.464528480420496,0.40806211852393065,0.26886684564802393,0.6884538420462821,0.6811090647185236,0.38685263853200136,0.4227205401486313,0.40330096644475577,0.40781574333190707,0.5398021537321633,0.4470480020054713,0.423862444594568,0.3707934096895639,0.6541122303825222,0.37756804259477794,0.4206108497251862,0.2792864719134298,0.3808986461083213,0.3675948841382298,0.3464601443309887,0.4456293821192918,0.567073785340799,0.5169245852498268,0.3983486646073254,0.4892416002749565,0.45304034917570474,0.26754065866078297,0.384476407542651,0.3685421349446782,0.43893126491534984,0.6142008394980669,0.5801329533853608,0.5195800324199077,0.38796831285043726,0.4746821382784688,0.4019674635581004,0.2647244968092319,0.453327640002971,0.3214459044485619,0.6136510705133685,0.6836947663959133,0.5902295157306229,0.36703802343503583,0.6148918893862529,0.4603196724906654,0.4082279090696392,0.46222036023684504
14,0.4852970513731153,0.4090762233624049,0.4443009903873444,0.31099945800924006,0.2869973695464338,0.7879402778397196,0.5038456122773955,0.5113617900151496,0.7279513279518318,0.6016520510558235,0.3501811864667316,0.4379265841924521,0.5106035029151957,0.4096379849089901,1.0,0.5467182383676881,0.6158108317533258,0.6381455573802873,0.6080689923399142,0.5207202783800987,0.3719333578086135,0.35646814951773015,0.3872399276808281,0.8542755638733998,0.22199837023569957,0.6411806825044584,0.6156823452441469,0.3520103842558262,0.5078526335722089,0.23055902691058908,0.4145750800201374,0.02035145425185703,0.6340972469614986,0.32887959317930077,0.43267297385544545,0.6083309795749531,0.5098361671204457,0.5926866545296113,0.29211835768142036,0.46785746195853567,0.4999169187690744,0.8472994337528558,0.32304283061504235,0.48012882274766255,0.7345214611698209,0.24736580822005266,0.6720024088600075,0.2104352825994767,0.29820106510908473,0.3469580428536756,0.6294601230624033,0.19970259531102355,0.3668246501316844,0.41180080116823203,0.5699864602751229,0.6952862439126316,0.256597378356815,0.36938098608677566,0.36016742124495094,0.18642763293717593,0.18492315236089626,0.519168258428642,0.5135529545378371,0.46239787302565205,0.7313624899893901,0.004638554749329447,0.3410957507371546,0.2893275805491489,0.15998778170046543,0.7004903727192701,0.3912820114265054,0.3355929451250911,0.5734465455122781,0.7195172320868137,0.3210946169066326,0.34406431280814315,0.3250918254633834,0.19801900821814636,0.7183628928218272,0.2681820273953724,0.6291911001236145,0.49234606504084866,0.5490889130338893,0.3890569841696405,0.4099879512829948,0.4123655763753152,0.4824843852748022,0.7972169159298562,0.3430511132424961,0.47454168258119966
15,0.13060772540358978,0.33442693553298425,0.3334235467825132,0.385208663101795,0.10545138916511651,0.5077592374257146,0.7782519615815137,0.46415912980006474,0.3510926389143129,0.3426839990195217,0.3927223388827777,0.4349518972454515,0.35497714278315196,0.5743946826296676,0.5467182383676881,1.0,0.47605564253071675,0.5356966908165071,0.36081049174874363,0.32988818609093923,0.3631476847090599,0.44992861016242636,0.5551819831311986,0.6991097248584501,0.7892993124069168,0.5851367497801273,0.4317697661881803,0.184531213641609,0.27694418965730877,0.5200731440070805,0.4151426062062481,0.11769302871108583,0.49440185953075694,0.6031117528051959,0.4978344145626142,0.4349310789885008,0.37882058687995684,0.3746031531907622,0.6286879143104762,0.4171346071955196,0.6461897655725242,0.598324672637719,0.5961352686416378,0.3431691915961489,0.4570393722087535,0.0897299470571351,0.4307849586007323,0.5095390784570177,0.17876155097884464,0.34981548647685046,0.6756873349176721,0.7161909417300429,0.42801460670772984,0.4841065420065787,0.24402489104096947,0.08976635804059213,0.34173655466536806,0.13134111643812524,0.24073549580269496,0.041493982683606746,0.7413366736614649,0.4641424946468255,0.3710056024574095,0.4250185755237351,0.5799430904290608,0.613022428731243,0.46093017566055844,0.38662615437191955,0.6877957291817074,0.7175974267541482,0.4214752523803901,0.5114389246862037,0.3343969724361202,0.45852845442992,0.36337013716424976,0.2646800687081973,0.38944858036047814,0.33029678773907145,0.43508672230598,0.723333102436773,0.5073318530726747,0.145490104103685,0.22490093188527102,0.47051118497991834,0.38007301099404694,0.3202061056288137,0.43426447475357444,0.605603416521015,0.6978158810508702,0.4071987469604725
16,0.24816830341933505,0.5153947834878233,0.3916515878083359,0.1751681973885814,0.078713044761531,0.431393931805206,0.3908832052969511,0.9412944528832689,0.43818900448846143,0.30493796322803546,0.29403372186314863,0.420643668055349,0.11631455857041825,0.42609666693212356,0.6158108317533258,0.47605564253071675,1.0,0.40396613897082595,0.47692154624115074,0.35530969270907303,0.38213055202601287,0.17215074458148183,0.45599680510826934,0.6537992255032038,0.22938519141633512,0.9381446885204661,0.3855696934392149,0.21075940928936293,0.31998943989121165,0.4918550630409449,0.19947149242585172,0.011710429534778922,0.5163197554319642,0.20826411196565617,0.7622482342411633,0.3781879882387899,0.38613814831947024,0.3044009039349968,0.42248411056238827,0.4374700041260579,0.6435165729339536,0.5324226793383592,0.41493570782982125,0.9241276699988745,0.44672542969024076,0.0808410599959924,0.5011660611620149,0.30133254260521003,0.3627525993536231,0.136182619636373,0.5308010459765521,0.12888961325818632,0.8284371494755529,0.37003367310731666,0.33159301472929786,0.2894656154156836,0.3462002070216289,0.3771718203678435,0.07164930545999998,0.17777372971741504,0.14165765799706512,0.9045695004306805,0.4201944437109134,0.22266846170539062,0.42693903863797933,0.056240030583677346,0.29676741856020883,0.09885572214870654,0.24324375844777463,0.45094501820813054,0.9048419703235598,0.40755007939970983,0.6748372915484147,0.6873022668521999,0.6207832860052392,0.515570258922542,0.15460271246930055,0.5108129516010783,0.6829522027925737,0.4154890081400098,0.4575491381654087,0.4363209670695314,0.31463438801562077,0.4688916940071426,0.4920209722217084,0.1624293376728362,0.523602356740219,0.6868030676552372,0.3878303259526995,0.9415222590797014
17,0.5971853083929284,0.47207434386127833,0.5058452359665455,0.46043669418502703,0.24395849110607398,0.49488134537442924,0.3747840424261193,0.39501351285850517,0.8191525099139455,0.7137534497991355,0.5163802485794448,0.556664577947609,0.587329548786459,0.6159578892636385,0.6381455573802873,0.5356966908165071,0.40396613897082595,1.0,0.6280616946962797,0.5967350401912787,0.5241580232241178,0.46961958376773594,0.36073296332132493,0.5812388509060766,0.46773659671485746,0.5009750121372559,0.7994626148265401,0.4658826272455645,0.5839705874650005,0.2589830479724297,0.5183512007635496,0.022247167180617942,0.35784029558997865,0.31601325487506765,0.3868763164424318,0.7658094047955034,0.5228124375036937,0.39423418631828444,0.34293914979752066,0.45055029145501896,0.2537110013922394,0.4891495941987485,0.10777984305534294,0.31877770036016706,0.7986408647588515,0.2128833642703504,0.5877217805698073,0.3805084432572784,0.3610014417053769,0.41968116415643364,0.39190528337832625,0.3441612844847593,0.31137655710969314,0.7034004157979744,0.5361559166451354,0.469863038287293,0.28869849116119606,0.3727633634666262,0.4382730874983394,0.07295287287139393,0.18356956962208254,0.3070733328325011,0.7479168400481243,0.6957854408152322,0.677506084066734,0.39935166135135775,0.604904217946784,0.45683350623352564,0.43098138526404217,0.5223117692247888,0.29115229415119204,0.6906107556162646,0.46569764605234776,0.6182070290712045,0.3738751669834812,0.4420848689008358,0.4210352907637084,0.2284150602950298,0.4713684743092921,0.2708404076706147,0.8945720321647145,0.4856485439363651,0.7318233159868034,0.5756478944815355,0.6053564619567987,0.5568543205867117,0.651785514012251,0.6303327458528718,0.4368570327941906,0.35336405778898783
18,0.7546334396140195,0.8144327323900602,0.6795823618515292,0.5842078914141141,0.44004995859910256,0.5752383229298981,0.5242305474342875,0.5754860259849973,0.7425729183815141,0.9211555800913435,0.7446650859321425,0.6603580320399889,0.7029009552205786,0.7379575905197794,0.6080689923399142,0.36081049174874363,0.47692154624115074,0.6280616946962797,1.0,0.7517249703451723,0.6305730738094314,0.5654688926201402,0.639349800284179,0.5837372332021066,0.29382330640991206,0.5439164953974994,0.5352687366967266,0.6983411194788254,0.7304665311199926,0.48795395289588933,0.6275808044915007,0.04797952777465306,0.47750535446187525,0.3015333909114788,0.5311996205544751,0.5994638522925234,0.8627724803231936,0.5130548225055046,0.5925604396796081,0.5737788258815315,0.46332034845636455,0.4507410160391576,0.2256111949398404,0.5305740478699907,0.5898352701133168,0.5618454229033543,0.7733080998257074,0.6009986190330693,0.43194239318376954,0.5576055636956102,0.4421860039397541,0.25260627313781014,0.4857799417414257,0.5950270320741821,0.6337666355671676,0.5557590455370442,0.6361463461564856,0.5211657606977276,0.555711248259421,0.14684385353744253,0.15349620709365236,0.45552793874249814,0.4304711612172482,0.7347135013708779,0.753440954319411,0.24368764586290287,0.37700645227926655,0.5834794376219168,0.2878388315468495,0.3281324517836198,0.4069269462970324,0.3950583245092881,0.7792789293248547,0.6636706335289712,0.6332406145028697,0.5446234127485073,0.5148314720511188,0.475571369157551,0.48452551529778015,0.18288674893279785,0.5545925596392387,0.590402974105548,0.6935981972976816,0.6950132772153345,0.5343704031760226,0.5534292951596901,0.6172053540084231,0.5668979560923428,0.28740202036222695,0.4640370758613054
19,0.8512804643071004,0.780945320137603,0.22361899540877953,0.4029840257083511,0.44025724546412115,0.2784393289917872,0.3650757491123486,0.4329347637985244,0.5478609395401727,0.7596112177091365,0.7673384598625694,0.42851879743573795,0.6331027795399845,0.7593522530726463,0.5207202783800987,0.32988818609093923,0.35530969270907303,0.5967350401912787,0.7517249703451723,1.0,0.24068878641264294,0.42755141913367756,0.5873162541625386,0.43730615219073293,0.3699199161698908,0.4277167685297714,0.5386657927483101,0.37251843641616916,0.7999656146095735,0.3971719030332777,0.4130410959973535,0.04113433604365081,0.17148732761555247,0.18112807319044744,0.3010230607691213,0.3724180453832516,0.5601640524610557,0.7782152825018949,0.48385505231082804,0.18892833687663194,0.2158833787169429,0.27836912920580653,0.16315254640383642,0.3388346115918348,0.37083807811234604,0.3563979651998827,0.8776475566337741,0.4948192182325615,0.0036436043687734223,0.355631236238066,0.15800991926010996,0.10460576011901691,0.3213054741572081,0.30321243959263583,0.6424284024074656,0.7308962124420109,0.6253136827451106,0.07738362323050223,0.3867370992353725,0.17916226175434613,0.004819686188092133,0.3099309515167515,0.35122479017600267,0.4431602078722318,0.7155925278368609,0.28795758161290935,0.0022534838063985817,0.32145312678452265,0.0990498936142631,0.11395889661041246,0.2243277904530757,0.2099234539827961,0.490120067490591,0.8167836970998255,0.5448531414678813,0.2379597277084355,0.4100628880199974,0.3283475778627233,0.2682711636124974,0.053171013202375064,0.37864182993909967,0.5219064960756871,0.8000922268591752,0.6239909281118828,0.2042578812736967,0.319559623790136,0.3993261784872668,0.2680917206458563,0.15843464195894635,0.27116639551178884
20,0.22164131915729676,0.47457346993677546,0.8730185364566387,0.4208456619344464,0.34000661442050056,0.40432994499755887,0.2097217833619347,0.44262862221736415,0.4130090261131563,0.5982056373398436,0.5382186332135404,0.8973255558941301,0.5110177201739693,0.6092600927967474,0.3719333578086135,0.3631476847090599,0.38213055202601287,0.5241580232241178,0.6305730738094314,0.24068878641264294,1.0,0.39345533055784393,0.5140287756791106,0.35117501997422146,0.28678031776811763,0.45216815823291184,0.22540311775414057,0.5914477165274206,0.5031414934897452,0.44425039008659684,0.4733795488960259,0.14337863888279168,0.5796449646619151,0.292456073319901,0.6212989624392142,0.6349189283329143,0.4976433168925835,0.09284638310528613,0.45453391994900016,0.9212958661089382,0.49666304499499847,0.4267395365275351,0.08156371898523657,0.4855277610841231,0.4680519430865887,0.2408880002234915,0.3178780873109586,0.5112362208560591,0.8946275487322426,0.4547914907350395,0.4095228985204465,0.20723008466013562,0.5233005734154043,0.49127500361760057,0.10774808440340722,0.09110376919295024,0.35937041298274053,0.8247508094062341,0.39512366111775304,0.02460810076130802,0.1801312000899817,0.3281521870060454,0.32754005177242423,0.4526202832154139,0.2913581442328002,0.2393607133417047,0.7235791245521553,0.5254055086374796,0.30775776828926127,0.30944790930692867,0.49425821672029857,0.38637229431850206,0.413587686113023,0.24713672687927055,0.4582719373354776,0.7872492975508557,0.3016376788842313,0.39420984280648497,0.49402514198116576,0.30040907746313017,0.48145573844747636,0.3279904421977999,0.3077815339465688,0.6339662406858985,0.9112503850357535,0.4624778202833093,0.6424418103331094,0.6157061051942733,0.38408160755146625,0.48217341346682907
21,0.2923301009836401,0.5529575441986536,0.30053631535956127,0.906333712993923,0.5068161924771728,0.3322111613995907,0.40254822576331106,0.23574453152438254,0.5558848192745651,0.4924820816369914,0.5758431881650357,0.27979833042212887,0.8527774140318615,0.500038016002579,0.35646814951773015,0.44992861016242636,0.17215074458148183,0.46961958376773594,0.5654688926201402,0.42755141913367756,0.39345533055784393,1.0,0.5401406161403826,0.49639616743016585,0.3837826595146001,0.33934001464003766,0.5166913260084818,0.3364728777533327,0.3196024643210035,0.3641988242126472,0.9672224228841836,0.3813756746293313,0.2768125706871471,0.453970802198378,0.3820062809513092,0.38817353980833386,0.6072004578494233,0.4438844101330875,0.7105633990199329,0.28004331847665853,0.5126872644898122,0.4724893402206039,0.3970077649393138,0.22429733392775364,0.5472084765449656,0.4528392074468503,0.42647064936408696,0.6469433965409479,0.175738423571184,0.9317247373828887,0.4119488166632213,0.5320726593299411,0.3679500953814316,0.44844202075004247,0.27107422053026264,0.27476373489426575,0.6902112855718128,0.18204850817730828,0.8964587382756258,0.2595805220247246,0.4165103936823477,0.3049209694402907,0.3472949546830954,0.5859906816295775,0.6178956559414058,0.3506233494195109,0.39218111260655203,0.9138374885876137,0.5131355747688622,0.3613426735046717,0.1688309890529748,0.5333472476433541,0.45564575276841474,0.37845409329064916,0.43400772195626586,0.33090851883962985,0.9266817070357705,0.48196513307738453,0.3385102738425642,0.2604073751026853,0.44539046374751884,0.1825195784004848,0.3832119775607524,0.5500173708997672,0.29792359198042995,0.9105512024711246,0.34338772677810503,0.31083442663152816,0.4858634947479554,0.22649227776987302
22,0.4134838708786968,0.7671818995287758,0.4756425409180898,0.44963517830221367,0.4169268107606415,0.4092442043851464,0.606088933978399,0.5779630251771464,0.3358901027777823,0.6051764626263709,0.7547091255272794,0.6305436046999974,0.47324497944305327,0.7594330792666061,0.3872399276808281,0.5551819831311986,0.45599680510826934,0.36073296332132493,0.639349800284179,0.5873162541625386,0.5140287756791106,0.5401406161403826,1.0,0.595165554244691,0.5855391704020568,0.5879571144636762,0.35629134042193605,0.5043100339195807,0.5880328123065793,0.8360588091746947,0.47466597999956,0.516508377018288,0.5978789503371655,0.5508119654088468,0.6070766945071466,0.4290424644130331,0.5023727981946151,0.3323230451224037,0.7322003434763801,0.4699689191966898,0.7309889785452479,0.48436089389156667,0.3949630478653646,0.5586415055629184,0.3307463385966576,0.40384594219055264,0.6485379954340782,0.8805064498183152,0.3275539747874629,0.4340349556913502,0.6059572697241624,0.561295915836469,0.6814024253036144,0.5136517595672881,0.4775019490038228,0.3725162857281753,0.8464229422839126,0.37334986456074837,0.47687387843020385,0.4793433377811189,0.4494023657787953,0.5617942952642653,0.4005779954731224,0.40078309283007024,0.5620281346092393,0.4764441345387182,0.2684343730196437,0.5112562666304801,0.6118748279398502,0.39616128100248055,0.4815490289083097,0.4464321050509702,0.47379694109718695,0.5357312578950498,0.7048447120468436,0.38379375895314605,0.48036785737820614,0.5839226835966866,0.48111823799857834,0.293247230612016,0.31164496767891153,0.23306766967005568,0.40165295280469915,0.6409638781291708,0.42071207145423334,0.37876704181528337,0.6142292255313749,0.4914235936491144,0.4976506051407021,0.4911195493843723
23,0.40528590883307153,0.44972625679224826,0.4803966373049325,0.4361772805355434,0.3362721309810962,0.8742943825981675,0.7454545103482672,0.6287725855788432,0.6625648278749889,0.5591391478463218,0.33966518189995404,0.437076185267191,0.4494863630387315,0.4662812404893955,0.8542755638733998,0.6991097248584501,0.6537992255032038,0.5812388509060766,0.5837372332021066,0.43730615219073293,0.35117501997422146,0.49639616743016585,0.595165554244691,1.0,0.43840026405812416,0.7717708210011984,0.6768161899174858,0.4579343855246498,0.4413313846347123,0.4865589397670636,0.5158480756597265,0.28359134767026456,0.7771512630112417,0.6154732348230034,0.5984873767306712,0.6665128043875856,0.5692653942254474,0.4744395471705437,0.4683707449871685,0.4623744538917438,0.6759775638919823,0.8916766870632603,0.5399386722963798,0.5814396447732445,0.7265977004712008,0.40984787015072477,0.632774111270789,0.42399975845388166,0.3013119514951398,0.4462467681836896,0.874925970017128,0.5621476963753079,0.5687487266598803,0.6513958075071182,0.6528864255069549,0.5275480872168815,0.4262099364922805,0.3796503063411318,0.4998422967668869,0.10312973644990672,0.4911472830656352,0.6883247740356611,0.6456112260014535,0.5819004030797323,0.7346239571594282,0.15308902523852233,0.4703688690744845,0.43140660038338813,0.5320336373236509,0.88307916622222,0.4950296744097148,0.5544012829620005,0.6354781813561914,0.622156314952287,0.4279042552907296,0.3177529324717471,0.5096855341433184,0.3836769565377207,0.8027384716362858,0.5420250428068777,0.6792712911539572,0.451827169249825,0.423921402823938,0.3728592782577057,0.38124287483637737,0.5191663862649247,0.563400627501136,0.8534998303765476,0.516073729600411,0.5781074541187509
24,0.23328011545444455,0.3499290607473685,0.2989244984260765,0.3134989822658709,0.07666439821371619,0.30002011049973815,0.636554152421462,0.2814196845368237,0.24342775769181993,0.3041254839493303,0.4164053929583422,0.40157798136976564,0.31678527910081117,0.6040535112409262,0.22199837023569957,0.7892993124069168,0.22938519141633512,0.46773659671485746,0.29382330640991206,0.3699199161698908,0.28678031776811763,0.3837826595146001,0.5855391704020568,0.43840026405812416,1.0,0.33540549512862183,0.37673928262984496,0.2081756429871708,0.28531418311020845,0.4817626854107036,0.322155971200686,0.17474749402516915,0.27829040823736695,0.481365445393377,0.33845892114164544,0.37701759371487825,0.3029975754546898,0.2601303101401949,0.46496943939478197,0.2684233065530311,0.42946929118096516,0.30518903351397275,0.46901980842440466,0.09832500750582004,0.19109287225031696,0.11776752812876642,0.47691164834398325,0.5509615968040176,0.04223536809305373,0.21137666973103228,0.483604672637624,0.6963872156101515,0.29712838748629045,0.4674177606676338,0.24534867681161993,0.019049704575329247,0.3462362731681688,0.08219486536232681,0.26604248536331027,0.3559229321730518,0.5968828119697844,0.1854860711425194,0.25176206562370496,0.414474949114835,0.47536167600402995,0.8689810249596528,0.2912443492691283,0.4289637223383157,0.6993983866786203,0.49683300001447217,0.15541299733158068,0.38405783439073016,0.12438442272304788,0.2884442315540417,0.29546948839427567,0.2077639122485853,0.2820423779859359,0.28438345567211787,0.14867316230901326,0.4154691181548065,0.38940661338307203,0.10646725266956836,0.2276485225314405,0.27110810453494694,0.2020513597929399,0.19465393892446134,0.4520115098656072,0.30346553212560046,0.397257400353876,0.15091276348020954
25,0.2721535852945974,0.5631876398983453,0.42698100614219875,0.2872900769509344,0.20820036000796513,0.5126591207785013,0.4866963238872099,0.9239077881308084,0.46530271158125686,0.3966412766084423,0.40000540891848685,0.49927734884620384,0.22756053175670884,0.5153285646484287,0.6411806825044584,0.5851367497801273,0.9381446885204661,0.5009750121372559,0.5439164953974994,0.4277167685297714,0.45216815823291184,0.33934001464003766,0.5879571144636762,0.7717708210011984,0.33540549512862183,1.0,0.47389223398502567,0.2873304374853965,0.3926373534718427,0.5855622778453442,0.34911711155668534,0.11168251546970816,0.602237510016849,0.3553787741032477,0.7836386227858296,0.5064020215894993,0.4302947855507093,0.33599397983607227,0.5622469240286031,0.4951560941041571,0.6694914797633272,0.6217586859014294,0.5012956477764482,0.9242685176521402,0.5470680122911965,0.17314896116597137,0.5490029171600805,0.4401212908059223,0.4028844557723487,0.2877415303477933,0.6276760203969469,0.2831731314336137,0.8503510667215689,0.5232100173678628,0.4195807020053089,0.3515337619204731,0.4876181532297429,0.4192094107361555,0.25554870777068084,0.08600174124072317,0.30117143433667154,0.9357687975393164,0.5878170071427278,0.3361543144980017,0.5178513106950902,0.09867853420945553,0.38309562861459145,0.2599774555921876,0.37938542480254794,0.5645017501601559,0.8890806559280663,0.5268265405648301,0.6661952675964968,0.6678731848953082,0.6489212135103716,0.46836983279261024,0.3551949708999993,0.5094652464088929,0.723485151186067,0.5288317535715205,0.5910794312949657,0.45462843478691317,0.37972021966268266,0.5387807119772179,0.5602674076505764,0.35371254658388024,0.5216918274493303,0.7603979778349087,0.49300661983013855,0.9262396980515966
26,0.5717715597605679,0.5321930187153014,0.37939817659861463,0.5853212372129448,0.37245971058816674,0.6004621940192393,0.4507487756601157,0.38862244063796025,0.8447649045151712,0.6200023380386379,0.34756873343993494,0.26985518812406345,0.5579311528027394,0.3846340390196681,0.6156823452441469,0.4317697661881803,0.3855696934392149,0.7994626148265401,0.5352687366967266,0.5386657927483101,0.22540311775414057,0.5166913260084818,0.35629134042193605,0.6768161899174858,0.37673928262984496,0.47389223398502567,1.0,0.4835459262127427,0.4454981131317786,0.3056668337937793,0.5691554608306822,0.2840629674155269,0.4021335551933826,0.3783397816179546,0.3934216234098187,0.6574579273363846,0.499314733794442,0.3717481496694205,0.2613625283485444,0.20309703407262308,0.22270958875469077,0.5915675286932206,0.22109822676361907,0.26839860285426576,0.7388659040921561,0.4722946838279184,0.5713087170951833,0.36842996208696516,0.19257275132096838,0.48656850904502136,0.5466135722001275,0.4651709549695045,0.3436312072555155,0.7309240556383535,0.6324188574421015,0.46156847866826256,0.3202571245778365,0.2684249043093254,0.5563201249294895,0.24858786057643034,0.0846914419353924,0.36658229507726176,0.6913156102220974,0.668354332193295,0.6025502766654133,0.3611689147124375,0.5100700585450688,0.4546166074403795,0.4637071986597784,0.536397380019653,0.23214813473799703,0.6504309901457352,0.5736504780754751,0.5618991942233821,0.32015032702317076,0.3492984637703137,0.532666263398016,0.34302600014795714,0.5519370606019401,0.19219892839437705,0.7851739715595837,0.5990345017814871,0.5540687918086485,0.4055039302562007,0.2469164446216794,0.5400861041530028,0.5948163296035995,0.5321503137327979,0.31020600551792377,0.30247079574789976
27,0.6086043311000536,0.5656785147007569,0.83411702823732,0.49377248513749256,0.6086968387951902,0.6818915429113949,0.4804232654700401,0.38224486225497306,0.5614204249606879,0.7442284410781408,0.37978700808627774,0.6513929318908689,0.5061430603425918,0.5659855648277569,0.3520103842558262,0.184531213641609,0.21075940928936293,0.4658826272455645,0.6983411194788254,0.37251843641616916,0.5914477165274206,0.3364728777533327,0.5043100339195807,0.4579343855246498,0.2081756429871708,0.2873304374853965,0.4835459262127427,1.0,0.7012949800553654,0.5511946716225901,0.4484391508245434,0.45708502468486406,0.705482791448909,0.5558921713054485,0.606510817842163,0.740354525299773,0.7238047283841035,0.21311597168287827,0.23654905022950046,0.6199529318883508,0.36377849012906593,0.4410347476631928,0.2395949551387103,0.30119961780155613,0.45186270849301424,0.7578624708754829,0.4375022352384739,0.45590327580450873,0.6419159435928703,0.42744103221159246,0.5476801238532595,0.4012287036954508,0.43313672120888397,0.673447046560422,0.6069086183402613,0.28261564630295366,0.35690268840175327,0.7332505966808968,0.5362654774071006,0.4356056212676286,0.18298534475579947,0.2717490760750163,0.4320228230013594,0.6155049662460254,0.38586315745550076,0.18472948387343724,0.6272702413511897,0.4476727942090879,0.4270790488486992,0.35451885845107034,0.2348402699029151,0.3700225402688603,0.5486358004142208,0.1921503338453687,0.19330208473153682,0.5023217079650014,0.29161832207486094,0.32578213103409076,0.4281519544691583,0.18219891382865178,0.48043851087972933,0.5803995531145683,0.45270554701797655,0.3448508969860957,0.5390640663657633,0.39313857274571085,0.6865323688363958,0.5617353726674241,0.17733229426748082,0.30186621070124703
28,0.8036349941322618,0.7058369441279672,0.5381355711169585,0.4049541254882547,0.5737481096589888,0.4573412465944478,0.32656951966948694,0.4038398607959361,0.4738637400993201,0.7829561235697782,0.6945206143888779,0.7242247997774869,0.6143478007507941,0.8354265449245901,0.5078526335722089,0.27694418965730877,0.31998943989121165,0.5839705874650005,0.7304665311199926,0.7999656146095735,0.5031414934897452,0.3196024643210035,0.5880328123065793,0.4413313846347123,0.28531418311020845,0.3926373534718427,0.4454981131317786,0.7012949800553654,1.0,0.5533371617152089,0.3871010026233983,0.15252764331918606,0.526675937317574,0.46549805902554714,0.5219535335506755,0.6834510924001123,0.5396952278827448,0.6704780311316858,0.3765390475335599,0.5313580589936274,0.31034182485396883,0.39905025093976465,0.20267205027816695,0.36807646276418826,0.4576895265976058,0.447481980107255,0.7470411653749628,0.4936326633956673,0.42165620608272786,0.334816292175095,0.29769185893214284,0.1532329795922005,0.39421859614541394,0.40634339186195795,0.6132464119995071,0.6614421933015776,0.5054269284502378,0.4431902422663393,0.40474398420145624,0.21063214902439925,0.04622989725503752,0.2625671613312957,0.40977365733207455,0.40439326817991744,0.538712480720497,0.17114153822372433,0.31831581155586774,0.3079119896591856,0.16437244974344892,0.17402588065362257,0.23427211685731525,0.1912116502048214,0.37148899111847467,0.589774730821971,0.3448339811888556,0.3852554990478199,0.21964928834452202,0.2446002041754668,0.42086365509300344,0.022041955359897926,0.4391744563840934,0.5241608379224226,0.7282575388848677,0.5244943595733844,0.5223319548650677,0.29299740277158387,0.5498480675569611,0.4353230955667595,0.14281410361343122,0.3462270685161507
29,0.2367068475554902,0.7341643214939266,0.47915637917980974,0.4212642464068041,0.32775836317128243,0.3599738947815556,0.5703546022416841,0.5941308079241959,0.19516296024007215,0.43094184074290803,0.616602847835926,0.6061631550902674,0.28081258171482293,0.7008359118472182,0.23055902691058908,0.5200731440070805,0.4918550630409449,0.2589830479724297,0.48795395289588933,0.3971719030332777,0.44425039008659684,0.3641988242126472,0.8360588091746947,0.4865589397670636,0.4817626854107036,0.5855622778453442,0.3056668337937793,0.5511946716225901,0.5533371617152089,1.0,0.36039388646297815,0.5041977412860569,0.6515589546221258,0.6220793696251742,0.7054680141168133,0.4323015289137485,0.39943876711283616,0.196292060897267,0.7245130921364537,0.5178945353325726,0.6772707441612584,0.4107491292920927,0.5204389207708642,0.5910606744424023,0.297748857833144,0.36382269042456417,0.3798164870794932,0.8206863177734246,0.4141833103642332,0.3452153866009053,0.5694940002036558,0.5491428640397468,0.6962926216212975,0.4761340667227618,0.31329542799984195,0.13206284459213813,0.7474492228464166,0.4278807794815421,0.3253183665259835,0.3955469347488886,0.4634213446619435,0.58669906788187,0.36027371122045826,0.27451637914951754,0.2788073406602733,0.4568356349108431,0.3639286222956887,0.3513876002655416,0.6023718370633735,0.2757980955325583,0.5453737735256085,0.4352411527036618,0.4224141900716996,0.358285564214954,0.5957871376496936,0.3928665893193505,0.3042116598535341,0.5715692249552341,0.434083254153336,0.41570673258196034,0.28843007030479595,0.11640993075559104,0.16829096958217307,0.5480469326011628,0.4306514433985558,0.1904068568868475,0.5175031578226713,0.4191432008683025,0.48392425502496206,0.5833028335755517
30,0.3388350320804342,0.5788749407387422,0.42357816580836505,0.9555009963134425,0.568818001644099,0.42846085567553766,0.39968823810847215,0.2557616907252846,0.6281139192263695,0.5514907623128223,0.5666169405753119,0.34374055211373283,0.8893491525222668,0.48815824064408087,0.4145750800201374,0.4151426062062481,0.19947149242585172,0.5183512007635496,0.6275808044915007,0.4130410959973535,0.4733795488960259,0.9672224228841836,0.47466597999956,0.5158480756597265,0.322155971200686,0.34911711155668534,0.5691554608306822,0.4484391508245434,0.3871010026233983,0.36039388646297815,1.0,0.32054593069598464,0.35085740976962404,0.4663452178198586,0.44517904468682273,0.5042289800078219,0.6580105320592806,0.44175410785467106,0.6656137641891151,0.39163819096821295,0.4867073549203455,0.5136004838415648,0.3935793371434395,0.24394195479320654,0.6382423845865839,0.5430702954134101,0.4271987825789015,0.610560412946851,0.3058472974008385,0.9651345078763833,0.4302566643652128,0.4764766630930719,0.3647034215032158,0.5053422438440308,0.2811230217899838,0.2956979584919134,0.6319052697549018,0.30719941675709017,0.9154688554060297,0.15213061234308717,0.3255884400760847,0.30256830324462924,0.35936318033916487,0.6462681652428652,0.6133330242105001,0.29291699545737104,0.49937287715749223,0.931092710120291,0.4638192763375066,0.3602766705704667,0.1812403740884697,0.53002278103501,0.4857812791559609,0.36392124731669023,0.3856444835080081,0.39277064614691803,0.8743912312399844,0.4365090360590307,0.3709652031143373,0.22764304487436024,0.500287300128216,0.27079405143029145,0.3706206696399355,0.5458673327717198,0.370395104331101,0.9065728206319047,0.3566262402270436,0.3521383737910599,0.42793650199704947,0.25128876072485967
31,0.017762593673910376,0.24398278513259886,0.22932569063413552,0.3708001103850928,0.4825175949491902,0.2690714948012355,0.22977360143424466,0.1223238972609937,0.13847260102189768,0.10712576181211063,0.06817725671743585,0.13264774766834775,0.19098442559423676,0.17753577733588527,0.02035145425185703,0.11769302871108583,0.011710429534778922,0.022247167180617942,0.04797952777465306,0.04113433604365081,0.14337863888279168,0.3813756746293313,0.516508377018288,0.28359134767026456,0.17474749402516915,0.11168251546970816,0.2840629674155269,0.45708502468486406,0.15252764331918606,0.5041977412860569,0.32054593069598464,1.0,0.5060074172038718,0.6110247200874337,0.4057543806844738,0.29489647818273657,0.1433337985483485,0.09139213208228836,0.17358097958279992,0.10948633900977464,0.4587323638635581,0.38073841202686615,0.2903430798111625,0.13424870509263023,0.15017845757343679,0.4832083574175657,0.02029262988201034,0.45071998489293524,0.25556885410003727,0.3207870985110954,0.5415302243926899,0.6161121948989402,0.4305025557046952,0.41064897689095375,0.20671899049839115,0.04299725448534145,0.3608488513903187,0.2875171490203526,0.49081569421554283,0.6972487022475757,0.3403406898299135,0.23971645966198873,0.2959439742802617,0.06253294115580549,0.0052459145757330124,0.19444209961049957,0.36107278600507303,0.32434215927974464,0.6107428752506924,0.2908556396058684,0.10936090828453444,0.3956384927693251,0.1287299879743956,0.12535823859472509,0.053932376830644536,0.16933585085243694,0.37508625641424126,0.34586768282427416,0.33347578814615697,0.10375940188849253,0.14181618927044956,0.0598563088476736,0.01182297072806496,0.08713423696554015,0.11905759464973228,0.32383187749077913,0.4169356604521428,0.2503422893034399,0.33850744700462704,0.15822821254394182
32,0.23488041133284546,0.39304446412809435,0.7327228809729077,0.32394425999815696,0.42543248949388046,0.846617934042903,0.563668898926626,0.5368992725538394,0.4123558793068251,0.4708918486128552,0.24160483784770181,0.66327014701293,0.31887871666583006,0.4645578727608173,0.6340972469614986,0.49440185953075694,0.5163197554319642,0.35784029558997865,0.47750535446187525,0.17148732761555247,0.5796449646619151,0.2768125706871471,0.5978789503371655,0.7771512630112417,0.27829040823736695,0.602237510016849,0.4021335551933826,0.705482791448909,0.526675937317574,0.6515589546221258,0.35085740976962404,0.5060074172038718,1.0,0.7048280762332231,0.734340989259158,0.7369549826891495,0.44771133841155647,0.21687049336373052,0.3254540413012072,0.7346695705722069,0.6950776834892626,0.8336668131075885,0.4663649333323608,0.5489019865667174,0.5468769750952456,0.46012690284532937,0.3713657910347123,0.4269138478227978,0.6825951158645458,0.3176278081558707,0.8634855596715214,0.491462301996883,0.6131357579482555,0.5870965181332659,0.4572583495420675,0.2967632704693151,0.3249382365131027,0.7366555313501185,0.40821484456390605,0.2015296924103296,0.417550992498084,0.5624231511168394,0.4953513758169708,0.3621197205222918,0.35193062069143327,0.07108446634587312,0.6244167083471646,0.3123506610110801,0.48228985225576226,0.7070573403192569,0.48306050385825827,0.37117787327842844,0.46526264654580013,0.26313352479351215,0.24622398430492176,0.4926413094100879,0.23974508498378325,0.36402290869710163,0.7858663630086198,0.45234456813004753,0.507716705673751,0.3591755394810371,0.20442561661392408,0.26499205606766607,0.5924294400338986,0.3248331486142168,0.6368539025524115,0.8353053986179925,0.39679944908237524,0.5736646505025043
33,0.25747373843521165,0.31102123061952636,0.39005551293152585,0.5009149750028294,0.4556037549994573,0.5817101329399603,0.6658142126290257,0.2770439640810497,0.2898358488042955,0.36919832537379915,0.3061772590644487,0.4343588267721063,0.35019859580057,0.5093773076699423,0.32887959317930077,0.6031117528051959,0.20826411196565617,0.31601325487506765,0.3015333909114788,0.18112807319044744,0.292456073319901,0.453970802198378,0.5508119654088468,0.6154732348230034,0.481365445393377,0.3553787741032477,0.3783397816179546,0.5558921713054485,0.46549805902554714,0.6220793696251742,0.4663452178198586,0.6110247200874337,0.7048280762332231,1.0,0.5745526907592262,0.6531945070762079,0.4011037073126167,0.3359139460881612,0.455566638119925,0.3801397319342637,0.640144993087571,0.5777796079322178,0.6634675946193102,0.2521010593214718,0.4931605126013731,0.4622305515186608,0.3324701128893916,0.5355658611324439,0.3452409256286155,0.41065336139360875,0.7328567757493937,0.824796270744508,0.4174856960528721,0.5491193707836729,0.36689534079966035,0.13577980927511762,0.3430382286846728,0.2325034410183628,0.4349466650794269,0.33610033022255886,0.7102553666649056,0.3377206139648391,0.418836509606468,0.35859003313149296,0.3989558501572216,0.2955344175220618,0.5764644870028721,0.4132209105724292,0.7492280846367253,0.6140756391072811,0.1884227111430102,0.5046134127365686,0.1837153171353129,0.16404457962519034,0.09269241716538923,0.10585059378862724,0.33246917793790093,0.1694520115497597,0.4907626249405378,0.48244501768588144,0.4036304314619723,0.1465890525821078,0.18514979876898033,0.23514921856366774,0.3460956819538579,0.39012104389514324,0.44694818364626054,0.5040173168834825,0.5997689171013824,0.300874694588499
34,0.28555351931667966,0.6076658608853366,0.6694905838902406,0.49388986142866,0.5180435206128607,0.5240771187342164,0.462276242987763,0.8468231626040272,0.39449541584484404,0.39843496835841846,0.34581797133760916,0.6168222435915864,0.3558501416604389,0.6049479075155181,0.43267297385544545,0.4978344145626142,0.7622482342411633,0.3868763164424318,0.5311996205544751,0.3010230607691213,0.6212989624392142,0.3820062809513092,0.6070766945071466,0.5984873767306712,0.33845892114164544,0.7836386227858296,0.3934216234098187,0.606510817842163,0.5219535335506755,0.7054680141168133,0.44517904468682273,0.4057543806844738,0.734340989259158,0.5745526907592262,1.0,0.5943757588185921,0.5277921620031986,0.29601520381997154,0.4822756383303611,0.6563750906692891,0.7510937567281745,0.5819660558309983,0.5597110141385279,0.7930083511792625,0.41576950950638786,0.463488903539943,0.4304083475339832,0.49617565783974243,0.661661890209167,0.4116895457700562,0.6689387748023335,0.4044563755625168,0.9269058759343964,0.5391809311269243,0.2978438835077316,0.10998862907957732,0.4266132847868648,0.6346754803975769,0.3827977022280697,0.10616620765975988,0.28896979532007844,0.7883527430019529,0.3709187178321504,0.2863385534750946,0.33109230903666254,0.19511246549915245,0.6290985123997453,0.3707654739792089,0.49346565084618793,0.43214434138062574,0.8132615154694803,0.45310425976681523,0.5977703504038203,0.4088862434554007,0.439486302090461,0.6605008447738522,0.3101817233614494,0.5725194774744045,0.6454801251336076,0.4275727305195816,0.43161688080632027,0.5262094271043982,0.2574757854283235,0.5076012880069706,0.660603521538342,0.3360666230071326,0.6553879451029025,0.6836664855348452,0.4476452127923756,0.8506342899558896
35,0.5275691886897291,0.42645410273327067,0.7206876278329714,0.4539815408831978,0.4414423645237398,0.72900238084166,0.4229455669045776,0.39505262604884167,0.6767414096080987,0.6733735211210722,0.40348206636011164,0.711950536678693,0.4996921047305128,0.5643188930727236,0.6083309795749531,0.4349310789885008,0.3781879882387899,0.7658094047955034,0.5994638522925234,0.3724180453832516,0.6349189283329143,0.38817353980833386,0.4290424644130331,0.6665128043875856,0.37701759371487825,0.5064020215894993,0.6574579273363846,0.740354525299773,0.6834510924001123,0.4323015289137485,0.5042289800078219,0.29489647818273657,0.7369549826891495,0.6531945070762079,0.5943757588185921,1.0,0.5087665586594272,0.30420130138337614,0.261929321455565,0.6606423279172843,0.3983331720593739,0.6461541689800963,0.3325108974121624,0.3845743223394459,0.7965730811109524,0.4422618700630874,0.5281205394303489,0.40915543113630115,0.6609199938023156,0.3924357234469266,0.6269184085149426,0.4519742763845266,0.4136906624627748,0.7787965251587606,0.5495401899644399,0.4191679413617827,0.23929030061201187,0.6495384724112725,0.5067381136456143,0.12605549892129925,0.26832927747090723,0.3462037053445516,0.7287563065539736,0.6101017944183856,0.5263421923341739,0.20117904314914084,0.742010803499493,0.46280946739584694,0.48668465462376626,0.6141041745542615,0.2867107276326853,0.5703515043780251,0.3593086052546999,0.33739411357314175,0.16853284649260392,0.42437405390194194,0.27373391413848486,0.1155714986683293,0.6288917831603009,0.26456611318777756,0.833207294565258,0.5074030656071825,0.540750548746797,0.3371347673028468,0.7051420868414134,0.5189545606508418,0.6693355526879937,0.7346604109771075,0.35100115262175546,0.42434788530239625
36,0.6822889449095233,0.6697434564244786,0.6640476716658608,0.6401867816446378,0.5169089138533061,0.6257894325769752,0.658923578406301,0.5304610516118992,0.7449497977945854,0.8053355801943094,0.5289068026900614,0.4782549694696004,0.6800039545063531,0.5943791007619418,0.5098361671204457,0.37882058687995684,0.38613814831947024,0.5228124375036937,0.8627724803231936,0.5601640524610557,0.4976433168925835,0.6072004578494233,0.5023727981946151,0.5692653942254474,0.3029975754546898,0.4302947855507093,0.499314733794442,0.7238047283841035,0.5396952278827448,0.39943876711283616,0.6580105320592806,0.1433337985483485,0.44771133841155647,0.4011037073126167,0.5277921620031986,0.5087665586594272,1.0,0.5047081852500683,0.5251445869853364,0.46464476360825585,0.5005522173464406,0.43103419819443206,0.38727518428923674,0.40012727391973774,0.5045386418244039,0.6987787491423821,0.6213137221131808,0.495610803942672,0.33999675832756676,0.6344132939126188,0.4857247852830612,0.400735725903568,0.4442039484105686,0.533783565998519,0.6064726343549991,0.349247957057888,0.5100069265669019,0.4295223614037093,0.6035183789265847,0.2198400579813624,0.3512487790767802,0.4369165743242999,0.340114175030315,0.7864544094390381,0.7339303373891592,0.23837275323467502,0.4481613208544978,0.6115950850422361,0.39522083252803925,0.4376176546489902,0.34684789643355235,0.4628255239847107,0.8119846270860521,0.5214552012669176,0.46271353276182775,0.4654620550558898,0.5850729244664997,0.45646819562429203,0.3677046036734384,0.36163459959563526,0.4623032418826988,0.5538705073134623,0.572566038675327,0.5631288190176527,0.39263752140100433,0.5955776534017562,0.5880782383339618,0.5464740303500136,0.4084666405331016,0.36735885950350483
37,0.6698945820130389,0.5005970342126935,0.0970881351295129,0.42970582364816634,0.5112778315711116,0.3525252885723044,0.3465894731239101,0.3045226214842383,0.42176924099385954,0.5068790270203702,0.49369130852824405,0.2679239896632988,0.6541713364431847,0.5917922494616803,0.5926866545296113,0.3746031531907622,0.3044009039349968,0.39423418631828444,0.5130548225055046,0.7782152825018949,0.09284638310528613,0.4438844101330875,0.3323230451224037,0.4744395471705437,0.2601303101401949,0.33599397983607227,0.3717481496694205,0.21311597168287827,0.6704780311316858,0.196292060897267,0.44175410785467106,0.09139213208228836,0.21687049336373052,0.3359139460881612,0.29601520381997154,0.30420130138337614,0.5047081852500683,1.0,0.37513097573046333,0.1510818570107354,0.2905549472079951,0.429712132442608,0.4039517995334715,0.21210893957803903,0.32755410774406485,0.3029791284781499,0.7385730234704565,0.2231893879446115,0.06517825980356912,0.4115898693137838,0.19584721788883755,0.09833306760607005,0.21286643876481823,0.008486033439044827,0.454604844571109,0.6489043484577013,0.37491097295551956,0.06378475063746726,0.3914654776948313,0.06712192128982129,0.14863805128126834,0.24483299422741764,0.12359052651925173,0.2535985365894518,0.6441212996181078,0.05402547511711549,0.004425438752843132,0.2768268690616438,0.030459570905382875,0.22857445985857305,0.11619875128981758,0.019617824461432464,0.3374044416324549,0.7001961740137693,0.22888744817317921,0.12686453148275612,0.3882740218267618,0.16694829018111962,0.3028027406759068,0.03997849952384946,0.21717281255465057,0.4067748149231154,0.6127427980625912,0.3799832390819516,0.08752517084364114,0.337445201197147,0.19394496175656878,0.2603360860618625,0.19302514425839068,0.2058664901491712
38,0.19145767391490742,0.7073732492804995,0.28875951033521197,0.632477557283571,0.24571799683563308,0.20204939414180229,0.5573278213427982,0.48521743813330953,0.2965896673818091,0.4774179118704263,0.7941563552472836,0.4779449437670086,0.5352710808724944,0.6711364322507064,0.29211835768142036,0.6286879143104762,0.42248411056238827,0.34293914979752066,0.5925604396796081,0.48385505231082804,0.45453391994900016,0.7105633990199329,0.7322003434763801,0.4683707449871685,0.46496943939478197,0.5622469240286031,0.2613625283485444,0.23654905022950046,0.3765390475335599,0.7245130921364537,0.6656137641891151,0.17358097958279992,0.3254540413012072,0.455566638119925,0.4822756383303611,0.261929321455565,0.5251445869853364,0.37513097573046333,1.0,0.4163367289388368,0.6569524420744522,0.33256924968237533,0.49170488028454123,0.5212332055146043,0.42299343748504586,0.223145399087539,0.41696651534376955,0.8498746935454045,0.21846290318500897,0.6563498059753583,0.3787541377436479,0.4963864132907111,0.5220859528684368,0.3512564406637845,0.17062868959823366,0.18399832321720225,0.8557101106452003,0.1494619325553326,0.47302974560208316,0.09504971891394452,0.5711295267900454,0.5311075740220108,0.2971332255756107,0.4427421831410252,0.5332027946247745,0.42841374304178514,0.27440943528700723,0.6213781038714805,0.5173451103704642,0.26182211432017133,0.47707682941576235,0.5134990091905144,0.4743468555413891,0.5099576984379451,0.7497638987531313,0.30441084035252935,0.6509293101267312,0.5487162059295742,0.3162287967179775,0.5138146181178321,0.3071625776030675,0.016794403858894334,0.2538833348896556,0.7737491124190414,0.3965213043438317,0.5375723652087567,0.2919165902716279,0.31536545869586313,0.6754798306558052,0.4765426662429926
39,0.1612467897515532,0.4046324910616092,0.889345539440145,0.3658713946866391,0.3064608480611852,0.5585931910219195,0.2981779045350269,0.45034753969096214,0.3570572705457557,0.5278301109754603,0.42992325230831524,0.8954194970986069,0.43656637447758384,0.597611033129,0.46785746195853567,0.4171346071955196,0.4374700041260579,0.45055029145501896,0.5737788258815315,0.18892833687663194,0.9212958661089382,0.28004331847665853,0.4699689191966898,0.4623744538917438,0.2684233065530311,0.4951560941041571,0.20309703407262308,0.6199529318883508,0.5313580589936274,0.5178945353325726,0.39163819096821295,0.10948633900977464,0.7346695705722069,0.3801397319342637,0.6563750906692891,0.6606423279172843,0.46464476360825585,0.1510818570107354,0.4163367289388368,1.0,0.5457169582913917,0.5759553121222781,0.2213463222919345,0.5038512758543422,0.4814470627261718,0.22374203293179323,0.26457196992623444,0.40406112581607856,0.8967064278908486,0.39255899751192946,0.5303019356127809,0.20630506280299227,0.49840900224404144,0.42716189441265295,0.10350010423279853,0.09699747203740791,0.2959125763870273,0.8556765408561653,0.3444729075926188,0.11439717941704305,0.2472956239018055,0.35551916931590694,0.270309960486926,0.3802699001533476,0.22862971770612034,0.1598955013464008,0.7285908808291743,0.44421791443622183,0.261628639838284,0.401005382832631,0.478412313123599,0.28753278975076557,0.3923693202735516,0.22615622699761864,0.3722585628526004,0.7458912772277393,0.2036234559250079,0.33984233828855775,0.5667934405543675,0.3744076095668379,0.4483948120945797,0.2679787058068135,0.17009746902711695,0.48818085733771166,0.8468566206770649,0.33029620967582873,0.5523865946244984,0.6751528148375399,0.3224396548010423,0.5097763734525582
40,0.11164830185052171,0.4879765844169136,0.46687120571589713,0.46509828770049,0.2961289864663782,0.5076005193397384,0.6116838880892196,0.657948689889005,0.36336924543714644,0.32084404202675276,0.4172154364934802,0.4746541444922799,0.3523825014069037,0.5544360357377116,0.4999169187690744,0.6461897655725242,0.6435165729339536,0.2537110013922394,0.46332034845636455,0.2158833787169429,0.49666304499499847,0.5126872644898122,0.7309889785452479,0.6759775638919823,0.42946929118096516,0.6694914797633272,0.22270958875469077,0.36377849012906593,0.31034182485396883,0.6772707441612584,0.4867073549203455,0.4587323638635581,0.6950776834892626,0.640144993087571,0.7510937567281745,0.3983331720593739,0.5005522173464406,0.2905549472079951,0.6569524420744522,0.5457169582913917,1.0,0.672939917102616,0.6119709514203893,0.6803316723938758,0.45091119261400064,0.2901571714550253,0.3797018592178937,0.6074417973448109,0.4056376409947315,0.44643604930421377,0.7623991793476479,0.5828157668026903,0.7585788470936065,0.3947496048500998,0.18958158363447147,0.12405788810277377,0.5590835139201663,0.37839993970458075,0.3946428898147639,0.12876961641122867,0.6131795843481549,0.7122868189296861,0.26101155686805233,0.25526729468617165,0.4745306810387424,0.2689526885998443,0.4510653129609374,0.46958503233903354,0.6330077058964461,0.5921372282508649,0.6263924189509655,0.5076469607509476,0.49459794066006224,0.44400054326766913,0.5330262247343754,0.4445462090596744,0.4012684033832794,0.5313310203640819,0.6067308855984136,0.4822290097545242,0.2880653628962384,0.06998590158463992,0.11324612455893221,0.49383356719176535,0.4669402825930555,0.372621951409019,0.5279207228600306,0.6394572843001942,0.6853297293670524,0.6807509271397403
41,0.22099447001867736,0.3356904375941441,0.5244538101213141,0.4534721847296163,0.40054310894108736,0.8441670673593644,0.5241320078380743,0.45765697440895836,0.5984278617574689,0.4281340327589214,0.2130145199345286,0.4515300119108373,0.4968758353847473,0.3870497892160935,0.8472994337528558,0.598324672637719,0.5324226793383592,0.4891495941987485,0.4507410160391576,0.27836912920580653,0.4267395365275351,0.4724893402206039,0.48436089389156667,0.8916766870632603,0.30518903351397275,0.6217586859014294,0.5915675286932206,0.4410347476631928,0.39905025093976465,0.4107491292920927,0.5136004838415648,0.38073841202686615,0.8336668131075885,0.5777796079322178,0.5819660558309983,0.6461541689800963,0.43103419819443206,0.429712132442608,0.33256924968237533,0.5759553121222781,0.672939917102616,1.0,0.510721518462302,0.46000718609937685,0.6817656947221252,0.3400101701476284,0.4467848925127723,0.2883383534459622,0.4470566067476282,0.4680569282353139,0.8647705289932828,0.4670669525629391,0.48941778134495406,0.4797742351044559,0.3958438204675176,0.4105288183328976,0.29096682463840895,0.5082315753400627,0.5398594597703583,0.010126833345943883,0.39239153571598584,0.5336014424120823,0.4630194252546688,0.3557194768370823,0.5041023080101199,0.08729839886941777,0.5433470275547891,0.4400416370992336,0.3938229389565105,0.7966707402272792,0.38354838578737105,0.39502941479216164,0.48675838654976405,0.43793232541959287,0.23037247874516678,0.4351309478715206,0.4517180738381942,0.3142052479353337,0.8090085579641286,0.3846203912875973,0.5841635287072922,0.35494358224054245,0.24953166200694923,0.2693513959857837,0.41841065009456174,0.48420885931281216,0.49756438320894614,0.818272688135269,0.4203995855736079,0.4905629101675196
42,0.07669360031240631,0.32698003387245433,0.18859797028937514,0.40273334456421234,0.3536732101209305,0.414258182189049,0.6158065278624918,0.4370929131533079,0.18429155733452682,0.10250351345634685,0.18124302560433278,0.17406827895641375,0.22411009422318148,0.35211901613762536,0.32304283061504235,0.5961352686416378,0.41493570782982125,0.10777984305534294,0.2256111949398404,0.16315254640383642,0.08156371898523657,0.3970077649393138,0.3949630478653646,0.5399386722963798,0.46901980842440466,0.5012956477764482,0.22109822676361907,0.2395949551387103,0.20267205027816695,0.5204389207708642,0.3935793371434395,0.2903430798111625,0.4663649333323608,0.6634675946193102,0.5597110141385279,0.3325108974121624,0.38727518428923674,0.4039517995334715,0.49170488028454123,0.2213463222919345,0.6119709514203893,0.510721518462302,1.0,0.3597686943607041,0.2449053479008941,0.301330369727585,0.3042617752790814,0.3371232748836797,0.10015442808972437,0.3417919767687805,0.5865353255700274,0.5843620300718518,0.44441490424945485,0.20835215208811492,0.12356754694275895,0.025885010097527483,0.3092716591022411,0.06862542141350857,0.3268263831020701,0.010457241596962263,0.6636861713710747,0.5086057011353057,0.11560000963518065,0.10564692001151303,0.3285588906938321,0.282541739982459,0.23370389829615895,0.36523249004664454,0.46786340628720513,0.44602882090629925,0.34293108564988267,0.24793138169914522,0.23797039148389293,0.16200777865664057,0.050681383367565475,0.00155976630543387,0.28480570103048025,0.0792745372809768,0.23195430669645267,0.4587694595716151,0.22463168497263236,0.14319732323983825,0.010816760135745847,0.09074861597199661,0.11171902438884775,0.23638595361477363,0.09898800691641635,0.3585234304223785,0.423931589888149,0.42144196962898134
43,0.22781913138537402,0.5760182564862296,0.42861736543355655,0.20974616883853822,0.18500854154995264,0.3578664720069196,0.3140490002774672,0.9322333025714618,0.3597512887899514,0.3463745120902002,0.3921823163233671,0.49399554798981177,0.11752026951740487,0.464528480420496,0.48012882274766255,0.3431691915961489,0.9241276699988745,0.31877770036016706,0.5305740478699907,0.3388346115918348,0.4855277610841231,0.22429733392775364,0.5586415055629184,0.5814396447732445,0.09832500750582004,0.9242685176521402,0.26839860285426576,0.30119961780155613,0.36807646276418826,0.5910606744424023,0.24394195479320654,0.13424870509263023,0.5489019865667174,0.2521010593214718,0.7930083511792625,0.3845743223394459,0.40012727391973774,0.21210893957803903,0.5212332055146043,0.5038512758543422,0.6803316723938758,0.46000718609937685,0.3597686943607041,1.0,0.4345219708610625,0.16850013350179083,0.42899663785798425,0.42384229152908404,0.4780026402354176,0.208622146002058,0.49359274377608114,0.11490055775755868,0.8947384881918271,0.4038651161065399,0.30549828404289786,0.2795343987548323,0.49814713369935126,0.46787387093617916,0.1514741515174676,0.10050914639907574,0.15549674604705452,0.9340417960790405,0.4548187598255718,0.2008038782075478,0.3552182149665236,0.06754076822840098,0.3238000345951565,0.1575130255110528,0.2591499896675044,0.3464769074151416,0.9350638588729451,0.4487863480959707,0.6648516503446463,0.5983659079208932,0.7029045285729587,0.5182847685127993,0.23134607410676378,0.548724029307454,0.6730631427581483,0.38868544865624327,0.4030388354106134,0.3700986464641427,0.2913030477830851,0.5626203459849004,0.5812973943540962,0.2422566498704353,0.4941716835072742,0.6496852200676371,0.4358486956146005,0.9702137787319189
44,0.4168671659870153,0.41032379326273377,0.4661514403688533,0.5623381429523442,0.25941647905563947,0.643957842894584,0.4083808428840865,0.3688868449580036,0.8246567069227831,0.6269240320896471,0.44859714338139084,0.45466493709008676,0.5480188101795733,0.40806211852393065,0.7345214611698209,0.4570393722087535,0.44672542969024076,0.7986408647588515,0.5898352701133168,0.37083807811234604,0.4680519430865887,0.5472084765449656,0.3307463385966576,0.7265977004712008,0.19109287225031696,0.5470680122911965,0.7388659040921561,0.45186270849301424,0.4576895265976058,0.297748857833144,0.6382423845865839,0.15017845757343679,0.5468769750952456,0.4931605126013731,0.41576950950638786,0.7965730811109524,0.5045386418244039,0.32755410774406485,0.42299343748504586,0.4814470627261718,0.45091119261400064,0.6817656947221252,0.2449053479008941,0.4345219708610625,1.0,0.2968639085625832,0.44744162547496247,0.39732260905427813,0.43043688650025946,0.5544489266527678,0.562817963788169,0.39018451669969756,0.3281695952112138,0.6875413049436039,0.46231207254396783,0.5131085241531634,0.3412322316913365,0.3849565018580212,0.5300689231672129,0.09638522951381077,0.25904619026288417,0.42868993719961995,0.7524797797097567,0.6563047072136904,0.6518067609626786,0.08421281793674118,0.6454205332134243,0.525078172277002,0.43696317522351125,0.6280532121823232,0.30056435250858854,0.7471350312152574,0.4796743682878812,0.5463419375453616,0.36694098312304124,0.32149496988311654,0.4717655567314209,0.17106444277007732,0.6581945171121761,0.2992871836068189,0.8388028284066724,0.29841795939501164,0.4895474712951669,0.4949229859741308,0.5528222221823456,0.6578031632970319,0.4972288518819677,0.6800664413382231,0.5372502182039656,0.43225394624521724
45,0.5689043871122799,0.5528243703880769,0.49407640774447387,0.5909071578587972,0.8002897581775579,0.5807254437942931,0.49511328300630425,0.30944509445611296,0.4988430372838429,0.5593641984652704,0.2639707355811786,0.19437549078922217,0.5242130480860744,0.26886684564802393,0.24736580822005266,0.0897299470571351,0.0808410599959924,0.2128833642703504,0.5618454229033543,0.3563979651998827,0.2408880002234915,0.4528392074468503,0.40384594219055264,0.40984787015072477,0.11776752812876642,0.17314896116597137,0.4722946838279184,0.7578624708754829,0.447481980107255,0.36382269042456417,0.5430702954134101,0.4832083574175657,0.46012690284532937,0.4622305515186608,0.463488903539943,0.4422618700630874,0.6987787491423821,0.3029791284781499,0.223145399087539,0.22374203293179323,0.2901571714550253,0.3400101701476284,0.301330369727585,0.16850013350179083,0.2968639085625832,1.0,0.41573189310765807,0.4082573591390127,0.26647898207000237,0.554700197866617,0.4407526305215829,0.37573227007085946,0.36222190668127424,0.5329046059408921,0.5719529393547593,0.2885640648166975,0.3937869295752863,0.40258288393476643,0.6406590540893249,0.4062586911709472,0.10088024020539842,0.29291336543150903,0.25931505167066804,0.5527272675653705,0.4405178148522342,0.06206181660365123,0.35409780076588915,0.4584357997612883,0.3447100994550735,0.27295698467397134,0.1357646455133693,0.2940309786519522,0.5216510870575471,0.16464816522803613,0.12167963219606918,0.22695196854124564,0.484971983213917,0.3270010837858205,0.22746914192480808,0.06548311281327922,0.22515701352000225,0.5812974071756004,0.2902705372370594,0.267959111395656,0.0888561593156394,0.43389273497683933,0.3909037148633063,0.28826160557320374,0.15265822262059944,0.13222772093375842
46,0.8491604224827038,0.7235111302161266,0.3704031857202006,0.3752329204203776,0.43428929641574304,0.5027284559144353,0.5240484156925032,0.5487862288733141,0.6184233282656999,0.777642568174296,0.6840396743346859,0.49985663012225295,0.5919643724001211,0.6884538420462821,0.6720024088600075,0.4307849586007323,0.5011660611620149,0.5877217805698073,0.7733080998257074,0.8776475566337741,0.3178780873109586,0.42647064936408696,0.6485379954340782,0.632774111270789,0.47691164834398325,0.5490029171600805,0.5713087170951833,0.4375022352384739,0.7470411653749628,0.3798164870794932,0.4271987825789015,0.02029262988201034,0.3713657910347123,0.3324701128893916,0.4304083475339832,0.5281205394303489,0.6213137221131808,0.7385730234704565,0.41696651534376955,0.26457196992623444,0.3797018592178937,0.4467848925127723,0.3042617752790814,0.42899663785798425,0.44744162547496247,0.41573189310765807,1.0,0.5009036302336023,0.1120682522397485,0.31883090095538336,0.3976637100813261,0.2456296981845563,0.4297599727727678,0.42803006054419007,0.7457603436738767,0.7492361257246491,0.5327415623211408,0.17777352597752819,0.39107514103650765,0.1711214157943616,0.09869205432965433,0.42477316832199885,0.41547194488716677,0.5336184369141103,0.8361482587235136,0.28550485334828724,0.0926686174982685,0.36487556285978073,0.22713432637365483,0.37537417578226956,0.31340676591141414,0.24962230454934545,0.5378313699539031,0.8128423748609985,0.5034321783857949,0.25620930638670303,0.3410172425591039,0.286420665486043,0.4497964304086411,0.030632490284326012,0.45498387151753417,0.6421418747102183,0.7947098015918765,0.5042461120305951,0.2783914230418912,0.358744319059546,0.5561396210107623,0.4728267601587246,0.19117745638729225,0.3744614070459386
47,0.3354425217667903,0.7961779159271061,0.41792904711422457,0.5952580344296267,0.3607930471167945,0.24887146242402314,0.5449828406644946,0.42586850402226284,0.33918281327228034,0.5868759518567845,0.8403780147028781,0.5695505719791009,0.5262146365955297,0.6811090647185236,0.2104352825994767,0.5095390784570177,0.30133254260521003,0.3805084432572784,0.6009986190330693,0.4948192182325615,0.5112362208560591,0.6469433965409479,0.8805064498183152,0.42399975845388166,0.5509615968040176,0.4401212908059223,0.36842996208696516,0.45590327580450873,0.4936326633956673,0.8206863177734246,0.610560412946851,0.45071998489293524,0.4269138478227978,0.5355658611324439,0.49617565783974243,0.40915543113630115,0.495610803942672,0.2231893879446115,0.8498746935454045,0.40406112581607856,0.6074417973448109,0.2883383534459622,0.3371232748836797,0.42384229152908404,0.39732260905427813,0.4082573591390127,0.5009036302336023,1.0,0.3123170082738718,0.5721109707527092,0.4226110435438264,0.5885967561362452,0.5424166675976059,0.5349612036363006,0.34460037003753013,0.24561826683507612,0.8847153734583778,0.29206021233966073,0.5148340084371659,0.4371847691247637,0.4450349561961547,0.4310505323231227,0.4202599546385868,0.5116235344776907,0.5175300386463483,0.5639751318212414,0.31984883468465164,0.6077415417376388,0.6521715381394336,0.25048673315315356,0.37703975389170524,0.5695559419990798,0.40437283827886716,0.4316310051508581,0.7126762051578642,0.33143392425162244,0.5500050700150476,0.563428835647541,0.3188166909418641,0.31614036547977126,0.3368338638834543,0.07815390402624782,0.33598466834588286,0.7276553030846127,0.41342535011653814,0.48471033457687895,0.5321999843754931,0.3033174451300851,0.589568524242032,0.3708455644320784
48,0.08683641771359092,0.315956970314717,0.8671657350304237,0.30650329372236795,0.360968821019138,0.44300879374886637,0.0925478090534809,0.4016703429863754,0.3052799612774813,0.4327843275389022,0.26965070271511826,0.8122995951978822,0.29826827417411783,0.38685263853200136,0.29820106510908473,0.17876155097884464,0.3627525993536231,0.3610014417053769,0.43194239318376954,0.0036436043687734223,0.8946275487322426,0.175738423571184,0.3275539747874629,0.3013119514951398,0.04223536809305373,0.4028844557723487,0.19257275132096838,0.6419159435928703,0.42165620608272786,0.4141833103642332,0.3058472974008385,0.25556885410003727,0.6825951158645458,0.3452409256286155,0.661661890209167,0.6609199938023156,0.33999675832756676,0.06517825980356912,0.21846290318500897,0.8967064278908486,0.4056376409947315,0.4470566067476282,0.10015442808972437,0.4780026402354176,0.43043688650025946,0.26647898207000237,0.1120682522397485,0.3123170082738718,1.0,0.3147475130215566,0.44224253290577614,0.14492366886114105,0.5113677598935715,0.4476833332652907,0.04241709539114064,0.01432997647936698,0.14028178337284514,0.8911752871334793,0.2753287878657236,0.08283956641998247,0.06344375244639987,0.3220710417474929,0.3051766392183552,0.27800133613101996,0.026366864303323176,0.008051401591055822,0.7902336684681276,0.3298741899027533,0.21839029816744412,0.2714194446167762,0.4878823916745325,0.3088758554110789,0.32816866184500615,0.040282045435940425,0.23197086825224045,0.7282240682690784,0.10128243777684764,0.25942145918230886,0.5507949074386825,0.2583364391237612,0.41719273058861056,0.3569371318823183,0.11646211483506165,0.4097813356466488,0.8706702266234202,0.3085810850145901,0.5703714294902261,0.6108577880845587,0.2640139393229713,0.5014634092299548
49,0.26488854193471145,0.5391811969550526,0.4053544735645522,0.942461904850339,0.6269834002078497,0.37740711924748943,0.36497684756704,0.21546148295537415,0.5361564315521248,0.5051344162032518,0.5344447072137046,0.30808015392929416,0.8718410312401714,0.4227205401486313,0.3469580428536756,0.34981548647685046,0.136182619636373,0.41968116415643364,0.5576055636956102,0.355631236238066,0.4547914907350395,0.9317247373828887,0.4340349556913502,0.4462467681836896,0.21137666973103228,0.2877415303477933,0.48656850904502136,0.42744103221159246,0.334816292175095,0.3452153866009053,0.9651345078763833,0.3207870985110954,0.3176278081558707,0.41065336139360875,0.4116895457700562,0.3924357234469266,0.6344132939126188,0.4115898693137838,0.6563498059753583,0.39255899751192946,0.44643604930421377,0.4680569282353139,0.3417919767687805,0.208622146002058,0.5544489266527678,0.554700197866617,0.31883090095538336,0.5721109707527092,0.3147475130215566,1.0,0.36257831770257964,0.4032830781371345,0.333498043980374,0.3916981605873311,0.21099773404868535,0.25147714094843376,0.6329905466835754,0.29114924508261325,0.8937501055867709,0.10836954642069525,0.292610757208256,0.2785532225082337,0.27040084805907655,0.589977840712079,0.5242078263128875,0.1966132964591382,0.49245381237211455,0.9007168822607093,0.3839950194650895,0.28678102806733347,0.17583786299223939,0.484837510261144,0.46552841213020424,0.3161886341125413,0.37255807165655136,0.3675242929607319,0.8839931883779171,0.4273260969911066,0.30242584037346676,0.2442145944031443,0.36459312986325015,0.23022510214703792,0.27752397686991775,0.5679927975698663,0.3341972636453048,0.8712070319000222,0.2653432092271788,0.29308899843240066,0.4267910496083424,0.19595113737232395
50,0.18406963358522305,0.3370231453358959,0.5866518766144606,0.42025665965010506,0.3033224882988114,0.8417489340017622,0.7372244558810069,0.5412559978210616,0.5107317385536356,0.4101906410392534,0.16816740150272572,0.44819557947278155,0.3037304686154572,0.40330096644475577,0.6294601230624033,0.6756873349176721,0.5308010459765521,0.39190528337832625,0.4421860039397541,0.15800991926010996,0.4095228985204465,0.4119488166632213,0.6059572697241624,0.874925970017128,0.483604672637624,0.6276760203969469,0.5466135722001275,0.5476801238532595,0.29769185893214284,0.5694940002036558,0.4302566643652128,0.5415302243926899,0.8634855596715214,0.7328567757493937,0.6689387748023335,0.6269184085149426,0.4857247852830612,0.19584721788883755,0.3787541377436479,0.5303019356127809,0.7623991793476479,0.8647705289932828,0.5865353255700274,0.49359274377608114,0.562817963788169,0.4407526305215829,0.3976637100813261,0.4226110435438264,0.44224253290577614,0.36257831770257964,1.0,0.7446175258343694,0.5992179123233728,0.6777643751558159,0.441713628224914,0.1595519216349134,0.3054788191093351,0.49353579357963534,0.4436301594023234,0.26135226022007546,0.589921506863705,0.5889667024911822,0.46499388635294153,0.4489266397763991,0.46369580471327915,0.2887633711318247,0.6131717980050181,0.42467608661180056,0.7030111907604617,0.8564659900887873,0.4478190392959415,0.5194892666663148,0.5349451934626971,0.3045766521206983,0.291043329202555,0.4081247919698765,0.39361375819580335,0.4129792796470614,0.7666029108806074,0.559496267366306,0.5435773490664244,0.3458801918651644,0.13212569872966637,0.23594189387147774,0.3820220870194273,0.38480636374045707,0.6142972236987604,0.8067576878563215,0.5090255216125635,0.524389409109201
51,0.11639045674709829,0.2680248410376576,0.31071396304827714,0.5064163263408757,0.2142386826139234,0.4745914145177935,0.7559471702939001,0.21446598475685966,0.33434903129902455,0.30802628691660755,0.2517366727706411,0.26242856267629816,0.2916678047395137,0.40781574333190707,0.19970259531102355,0.7161909417300429,0.12888961325818632,0.3441612844847593,0.25260627313781014,0.10460576011901691,0.20723008466013562,0.5320726593299411,0.561295915836469,0.5621476963753079,0.6963872156101515,0.2831731314336137,0.4651709549695045,0.4012287036954508,0.1532329795922005,0.5491428640397468,0.4764766630930719,0.6161121948989402,0.491462301996883,0.824796270744508,0.4044563755625168,0.4519742763845266,0.400735725903568,0.09833306760607005,0.4963864132907111,0.20630506280299227,0.5828157668026903,0.4670669525629391,0.5843620300718518,0.11490055775755868,0.39018451669969756,0.37573227007085946,0.2456296981845563,0.5885967561362452,0.14492366886114105,0.4032830781371345,0.7446175258343694,1.0,0.33899987995733655,0.6421979476531673,0.2996235344053441,0.10743965983812306,0.3476740133602573,0.10021843808653494,0.4234828555658081,0.5090045466170193,0.8108737944959759,0.26908987202984375,0.3891710472516213,0.48133478861212076,0.40740058098301424,0.6330445267061503,0.5290373667002893,0.5019147460075651,0.9382760067074061,0.6579448296070931,0.1333682898174541,0.6302172342275852,0.2584629740481461,0.09959944343070207,0.19407923561341775,0.11915894304979796,0.4672258795169142,0.3078041992463416,0.35246332731747715,0.5938282855601079,0.42871629751926904,0.0657291611181925,0.08988720588707536,0.2462342039908184,0.18056669136831124,0.4134569603703816,0.4782471196506324,0.422183078899608,0.656235171921624,0.16944361228901217
52,0.23179332693620114,0.6286941379623835,0.506234558595809,0.379525305992919,0.3988626100161425,0.3778373272804649,0.389966426701896,0.9174878228079953,0.33864273549093327,0.32466854948509843,0.36499486830739175,0.5015796883706493,0.24117823704379587,0.5398021537321633,0.3668246501316844,0.42801460670772984,0.8284371494755529,0.31137655710969314,0.4857799417414257,0.3213054741572081,0.5233005734154043,0.3679500953814316,0.6814024253036144,0.5687487266598803,0.29712838748629045,0.8503510667215689,0.3436312072555155,0.43313672120888397,0.39421859614541394,0.6962926216212975,0.3647034215032158,0.4305025557046952,0.6131357579482555,0.4174856960528721,0.9269058759343964,0.4136906624627748,0.4442039484105686,0.21286643876481823,0.5220859528684368,0.49840900224404144,0.7585788470936065,0.48941778134495406,0.44441490424945485,0.8947384881918271,0.3281695952112138,0.36222190668127424,0.4297599727727678,0.5424166675976059,0.5113677598935715,0.333498043980374,0.5992179123233728,0.33899987995733655,1.0,0.4956143013407317,0.3119441479594469,0.14180380307786364,0.540695537389902,0.5225817206919857,0.3231433503900976,0.18974837226827002,0.24348068251227595,0.8966531790052231,0.4130541337856832,0.22077544408884703,0.3278454659447631,0.15747260895611262,0.4437624834624096,0.29382443561526245,0.47521411673755326,0.3829855441060431,0.9055901542763013,0.4905135230503632,0.6426533080818146,0.48977697435171685,0.6243963097017539,0.6185037758455532,0.3585443190368471,0.696927801418264,0.6447577486173275,0.40541611516269843,0.3685323381495138,0.44648719655582175,0.26467034714605137,0.5565168338046252,0.5661489606754971,0.3178625082226297,0.6411239824593262,0.6295880540114477,0.4757928507820795,0.9129497000483798
53,0.4306632195711982,0.4523069143048217,0.6095672570076773,0.4758882284079987,0.2738451752738921,0.6487540350904892,0.577155183821765,0.471582328899748,0.668522506275245,0.6167879871671189,0.33662043068708375,0.4756319596739755,0.35945490659212126,0.4470480020054713,0.41180080116823203,0.4841065420065787,0.37003367310731666,0.7034004157979744,0.5950270320741821,0.30321243959263583,0.49127500361760057,0.44844202075004247,0.5136517595672881,0.6513958075071182,0.4674177606676338,0.5232100173678628,0.7309240556383535,0.673447046560422,0.40634339186195795,0.4761340667227618,0.5053422438440308,0.41064897689095375,0.5870965181332659,0.5491193707836729,0.5391809311269243,0.7787965251587606,0.533783565998519,0.008486033439044827,0.3512564406637845,0.42716189441265295,0.3947496048500998,0.4797742351044559,0.20835215208811492,0.4038651161065399,0.6875413049436039,0.5329046059408921,0.42803006054419007,0.5349612036363006,0.4476833332652907,0.3916981605873311,0.6777643751558159,0.6421979476531673,0.4956143013407317,1.0,0.6188413137253224,0.23102637451918545,0.3507016582277157,0.5271131310289101,0.49650919372474195,0.4126200645053088,0.3410788615505803,0.4491947520197493,0.7882458730306231,0.7664889620176971,0.5439924137902488,0.3887509417119392,0.6789630843278142,0.4833644925261816,0.7461531586492279,0.6410662609776966,0.37061107933619664,0.7588623609518068,0.5452455920481265,0.2973616774331265,0.3695570313735044,0.40312733874151335,0.44898587501121207,0.4018151302318376,0.5604417730064188,0.4256696689773261,0.818167575295931,0.48888558313909963,0.4384434833363187,0.4029940252423382,0.5165973015387199,0.5412195928851935,0.7161758472836381,0.663442009437422,0.43260889884201537,0.4248177601445249
54,0.8106980501688136,0.4976364599640116,0.34661826661345535,0.2224223711568496,0.3722886140191403,0.6592331513853074,0.5744292912515911,0.4355105412877593,0.616656531587695,0.7214666789959228,0.36126663118301633,0.29887493416088484,0.37626436075599595,0.423862444594568,0.5699864602751229,0.24402489104096947,0.33159301472929786,0.5361559166451354,0.6337666355671676,0.6424284024074656,0.10774808440340722,0.27107422053026264,0.4775019490038228,0.6528864255069549,0.24534867681161993,0.4195807020053089,0.6324188574421015,0.6069086183402613,0.6132464119995071,0.31329542799984195,0.2811230217899838,0.20671899049839115,0.4572583495420675,0.36689534079966035,0.2978438835077316,0.5495401899644399,0.6064726343549991,0.454604844571109,0.17062868959823366,0.10350010423279853,0.18958158363447147,0.3958438204675176,0.12356754694275895,0.30549828404289786,0.46231207254396783,0.5719529393547593,0.7457603436738767,0.34460037003753013,0.04241709539114064,0.21099773404868535,0.441713628224914,0.2996235344053441,0.3119441479594469,0.6188413137253224,1.0,0.7418552133263897,0.38474248954417806,0.22870491454371025,0.3774983935767525,0.46492030944663315,0.129723841915815,0.3870067036784997,0.6732898364988531,0.6723154868291402,0.7374248359727649,0.063320842209478,0.13602746080236303,0.1867828110868025,0.31212901598967063,0.5110802620965599,0.19839685442634808,0.3667907992389422,0.5942448319463597,0.5908513257047542,0.3194081008226751,0.09558380417930433,0.33028623330268025,0.2745083183284559,0.46370510364278333,0.17828883198167297,0.5474146246648287,0.6360893577176814,0.7711811024977017,0.26809327086908635,0.1671430316486096,0.3669797010839621,0.5860017900964745,0.5454360807207491,0.14936082379705043,0.2604329645054562
55,0.7238963957726182,0.46590647405960456,0.11019309034027795,0.18512601414073052,0.3728377557419232,0.4397759200193891,0.21459268468669418,0.26282609772978893,0.5169625806277208,0.6244599457973611,0.506868735946643,0.26383258961248096,0.48937704619829764,0.3707934096895639,0.6952862439126316,0.08976635804059213,0.2894656154156836,0.469863038287293,0.5557590455370442,0.7308962124420109,0.09110376919295024,0.27476373489426575,0.3725162857281753,0.5275480872168815,0.019049704575329247,0.3515337619204731,0.46156847866826256,0.28261564630295366,0.6614421933015776,0.13206284459213813,0.2956979584919134,0.04299725448534145,0.2967632704693151,0.13577980927511762,0.10998862907957732,0.4191679413617827,0.349247957057888,0.6489043484577013,0.18399832321720225,0.09699747203740791,0.12405788810277377,0.4105288183328976,0.025885010097527483,0.2795343987548323,0.5131085241531634,0.2885640648166975,0.7492361257246491,0.24561826683507612,0.01432997647936698,0.25147714094843376,0.1595519216349134,0.10743965983812306,0.14180380307786364,0.23102637451918545,0.7418552133263897,1.0,0.4254815843610374,0.08830770751061304,0.3460435832201545,0.036360033350211,0.15537883698154328,0.27106833092666793,0.5015705262000079,0.37071076297698263,0.6994170376944294,0.21296824985736948,0.09726137844870397,0.15707827239904135,0.10886616229138475,0.25851367127578917,0.09145174733467164,0.13124800859556168,0.34053568767015185,0.7245870533718868,0.3158288459633158,0.01120170303963265,0.26602316486852945,0.059634604090773265,0.41068457205558445,0.17925573626897118,0.37809017179978505,0.424234591809512,0.753411699039069,0.33136343461148887,0.1506868286038458,0.34528809509025227,0.26980243673332044,0.3683531498072181,0.029859917598355684,0.18610770669621698
56,0.3804090808863209,0.8288367844432108,0.25905409115639677,0.5969365986167114,0.40877957005146515,0.191083920017436,0.42775933192504056,0.4584041959372977,0.32424821493878514,0.5492018273165582,0.836356091365178,0.4206965397479948,0.578475109935746,0.6541122303825222,0.256597378356815,0.34173655466536806,0.3462002070216289,0.28869849116119606,0.6361463461564856,0.6253136827451106,0.35937041298274053,0.6902112855718128,0.8464229422839126,0.4262099364922805,0.3462362731681688,0.4876181532297429,0.3202571245778365,0.35690268840175327,0.5054269284502378,0.7474492228464166,0.6319052697549018,0.3608488513903187,0.3249382365131027,0.3430382286846728,0.4266132847868648,0.23929030061201187,0.5100069265669019,0.37491097295551956,0.8557101106452003,0.2959125763870273,0.5590835139201663,0.29096682463840895,0.3092716591022411,0.49814713369935126,0.3412322316913365,0.3937869295752863,0.5327415623211408,0.8847153734583778,0.14028178337284514,0.6329905466835754,0.3054788191093351,0.3476740133602573,0.540695537389902,0.3507016582277157,0.38474248954417806,0.4254815843610374,1.0,0.20078130449579193,0.6015066868871322,0.3677876926706861,0.3037795745381157,0.5016768041862713,0.3480100040035361,0.4166038383939109,0.5380148534317422,0.3241475664099576,0.08760496566997694,0.6107345588309742,0.4095817845717852,0.12816043933186197,0.3819189938337809,0.4278452739940562,0.4844122437664261,0.5498315720758497,0.778009087878101,0.2640988595380774,0.6630718076914907,0.5997512147984656,0.2903327898014155,0.18051545072055813,0.22732935680643063,0.07791792423966262,0.382532830422066,0.6999266115598897,0.26493899636514595,0.5222317449350153,0.3434613882705026,0.22442297209880024,0.42634564301149996,0.40068447514862954
57,0.17821634088348562,0.37880206669910926,0.9009779592898397,0.27045155859664793,0.36733305124896465,0.579292442580648,0.14198776127486412,0.4423507100645699,0.394705291177415,0.4643578203931832,0.20638074749443006,0.7360874604684636,0.327758621105699,0.37756804259477794,0.36938098608677566,0.13134111643812524,0.3771718203678435,0.3727633634666262,0.5211657606977276,0.07738362323050223,0.8247508094062341,0.18204850817730828,0.37334986456074837,0.3796503063411318,0.08219486536232681,0.4192094107361555,0.2684249043093254,0.7332505966808968,0.4431902422663393,0.4278807794815421,0.30719941675709017,0.2875171490203526,0.7366555313501185,0.2325034410183628,0.6346754803975769,0.6495384724112725,0.4295223614037093,0.06378475063746726,0.1494619325553326,0.8556765408561653,0.37839993970458075,0.5082315753400627,0.06862542141350857,0.46787387093617916,0.3849565018580212,0.40258288393476643,0.17777352597752819,0.29206021233966073,0.8911752871334793,0.29114924508261325,0.49353579357963534,0.10021843808653494,0.5225817206919857,0.5271131310289101,0.22870491454371025,0.08830770751061304,0.20078130449579193,1.0,0.39132297406497457,0.116000552381531,0.01262036049396101,0.35849582581611833,0.3638859409629069,0.3621027255287295,0.09989047716608777,0.03768577341076464,0.6578203055056265,0.3377183332767206,0.19424785698474936,0.33445533826679225,0.4588351555790841,0.2415740095038453,0.46009523987747364,0.05282783137392077,0.23876950285561294,0.7749054394194683,0.172562655534573,0.39834129198958823,0.55032945611666,0.20630364943699586,0.47765519860651945,0.4254505258514457,0.18555628040308061,0.2992343031820549,0.7568460638229082,0.31940479198307914,0.6291329040806157,0.6574761165991619,0.10322023121720426,0.4908815156731174
58,0.3641060574999237,0.5060968997948161,0.42365326737809433,0.8579932571690417,0.6683707632132866,0.48251186131547635,0.3121488850994863,0.16603454408109242,0.5800496507947334,0.5068258165367496,0.4338024367406748,0.2880515578929625,0.849075898433547,0.4206108497251862,0.36016742124495094,0.24073549580269496,0.07164930545999998,0.4382730874983394,0.555711248259421,0.3867370992353725,0.39512366111775304,0.8964587382756258,0.47687387843020385,0.4998422967668869,0.26604248536331027,0.25554870777068084,0.5563201249294895,0.5362654774071006,0.40474398420145624,0.3253183665259835,0.9154688554060297,0.49081569421554283,0.40821484456390605,0.4349466650794269,0.3827977022280697,0.5067381136456143,0.6035183789265847,0.3914654776948313,0.47302974560208316,0.3444729075926188,0.3946428898147639,0.5398594597703583,0.3268263831020701,0.1514741515174676,0.5300689231672129,0.6406590540893249,0.39107514103650765,0.5148340084371659,0.2753287878657236,0.8937501055867709,0.4436301594023234,0.4234828555658081,0.3231433503900976,0.49650919372474195,0.3774983935767525,0.3460435832201545,0.6015066868871322,0.39132297406497457,1.0,0.35532258745465833,0.24945612394386227,0.2286599138730634,0.3786803548194191,0.579802256442176,0.520807694938134,0.1957907323258363,0.4244117336133151,0.8888422616057955,0.4047537452065372,0.36137488703419085,0.05553425870126588,0.42601730675872146,0.4195314887406213,0.2342750305538208,0.2538764074163102,0.3498068329535744,0.8644126287501328,0.40784826828917314,0.3495815945269333,0.09066406762974229,0.4582064692478906,0.2965080759026008,0.36225150354948504,0.3469419049519926,0.26860528008618056,0.8744042430991297,0.34900082037132796,0.3339405867071533,0.242428342735917,0.14561233591273282
59,0.27254522005874765,0.265375221101205,0.13573480948529992,0.18615313482801948,0.19569358381950624,0.13592368483628134,0.2697468997599967,0.006523095229115672,0.09910690034163344,0.22685538508436828,0.1334021701221477,0.07347095684862719,0.15443747642168393,0.2792864719134298,0.18642763293717593,0.041493982683606746,0.17777372971741504,0.07295287287139393,0.14684385353744253,0.17916226175434613,0.02460810076130802,0.2595805220247246,0.4793433377811189,0.10312973644990672,0.3559229321730518,0.08600174124072317,0.24858786057643034,0.4356056212676286,0.21063214902439925,0.3955469347488886,0.15213061234308717,0.6972487022475757,0.2015296924103296,0.33610033022255886,0.10616620765975988,0.12605549892129925,0.2198400579813624,0.06712192128982129,0.09504971891394452,0.11439717941704305,0.12876961641122867,0.010126833345943883,0.010457241596962263,0.10050914639907574,0.09638522951381077,0.4062586911709472,0.1711214157943616,0.4371847691247637,0.08283956641998247,0.10836954642069525,0.26135226022007546,0.5090045466170193,0.18974837226827002,0.4126200645053088,0.46492030944663315,0.036360033350211,0.3677876926706861,0.116000552381531,0.35532258745465833,1.0,0.25225543756579805,0.014240230003794027,0.27360125222234644,0.28272419723594205,0.1252834287539945,0.42751706970594655,0.04246049690622356,0.20405361702126323,0.5373748130888635,0.14670327724699736,0.115016967597006,0.23068757531763184,0.17288572414154946,0.04816870125631081,0.14192035147556875,0.10369439928339291,0.30463285837768184,0.44663508789302075,0.08203808432914887,0.05331619603170079,0.11740984619070916,0.0819717430492319,0.24589523911182606,0.01774848607140277,0.0764927754937367,0.19596549587919365,0.48062554517029604,0.049913257428192595,0.07399685325314008,0.08518718008906585
60,0.07355040563051496,0.0791590824736359,0.18845157882927122,0.2712656658228944,0.03692700256103142,0.36777600432049534,0.7151513755610597,0.19172635762177287,0.10627134023064908,0.14356845122338638,0.1988001410307496,0.24567313589233086,0.14952749909448804,0.3808986461083213,0.18492315236089626,0.7413366736614649,0.14165765799706512,0.18356956962208254,0.15349620709365236,0.004819686188092133,0.1801312000899817,0.4165103936823477,0.4494023657787953,0.4911472830656352,0.5968828119697844,0.30117143433667154,0.0846914419353924,0.18298534475579947,0.04622989725503752,0.4634213446619435,0.3255884400760847,0.3403406898299135,0.417550992498084,0.7102553666649056,0.28896979532007844,0.26832927747090723,0.3512487790767802,0.14863805128126834,0.5711295267900454,0.2472956239018055,0.6131795843481549,0.39239153571598584,0.6636861713710747,0.15549674604705452,0.25904619026288417,0.10088024020539842,0.09869205432965433,0.4450349561961547,0.06344375244639987,0.292610757208256,0.589921506863705,0.8108737944959759,0.24348068251227595,0.3410788615505803,0.129723841915815,0.15537883698154328,0.3037795745381157,0.01262036049396101,0.24945612394386227,0.25225543756579805,1.0,0.2927973974548134,0.26450107569595516,0.311906675219657,0.3609384926753824,0.4269667132571523,0.3472071695393406,0.36524399783330863,0.7409349006746244,0.638326103975208,0.17150159647351895,0.4670857286662024,0.15597945240016003,0.05501242250325445,0.16097755249836482,0.018973635597025976,0.3794197985483964,0.1699840206847158,0.21826853562515577,0.7715389898124756,0.28785702036488536,0.2059805097563952,0.012852130061487022,0.19274678401916365,0.20957756746276412,0.3327525666690456,0.22500937345302294,0.41751263138038064,0.7253226045645739,0.19485791853968248
61,0.2018065285590308,0.5482692529663569,0.3366820071895079,0.26048741004724413,0.27427811259228824,0.446678046459455,0.4807056862366951,0.9405984434985584,0.3907793901155794,0.28427599608519327,0.29702517226060254,0.3203780322378086,0.12887114309446085,0.3675948841382298,0.519168258428642,0.4641424946468255,0.9045695004306805,0.3070733328325011,0.45552793874249814,0.3099309515167515,0.3281521870060454,0.3049209694402907,0.5617942952642653,0.6883247740356611,0.1854860711425194,0.9357687975393164,0.36658229507726176,0.2717490760750163,0.2625671613312957,0.58669906788187,0.30256830324462924,0.23971645966198873,0.5624231511168394,0.3377206139648391,0.7883527430019529,0.3462037053445516,0.4369165743242999,0.24483299422741764,0.5311075740220108,0.35551916931590694,0.7122868189296861,0.5336014424120823,0.5086057011353057,0.9340417960790405,0.42868993719961995,0.29291336543150903,0.42477316832199885,0.4310505323231227,0.3220710417474929,0.2785532225082337,0.5889667024911822,0.26908987202984375,0.8966531790052231,0.4491947520197493,0.3870067036784997,0.27106833092666793,0.5016768041862713,0.35849582581611833,0.2286599138730634,0.014240230003794027,0.2927973974548134,1.0,0.5078506550960681,0.24845656695400542,0.4432150144412521,0.014200035909406192,0.2980763608053078,0.18178083011626592,0.38089552142413924,0.4913254533880348,0.9232828018823467,0.5251277861861356,0.693344408030542,0.5839286014912345,0.6179967036608084,0.38717279882572453,0.35180977940692343,0.5540496422786513,0.6334743172826799,0.5105486469165499,0.4180100120955123,0.3982777549897518,0.26480672146268924,0.5066438497637348,0.4289699905684584,0.30194994043479195,0.4614852501721011,0.6750737072479562,0.5344508379481812,0.923872306696803
62,0.41354638221414075,0.3561071163188188,0.3449866751485231,0.24021852336371355,0.18890418130194445,0.5203502835926231,0.3641030393966011,0.44088212476322486,0.620892713164794,0.5242578297903845,0.3356962453073243,0.3934078451815382,0.2604668558736282,0.3464601443309887,0.5135529545378371,0.3710056024574095,0.4201944437109134,0.7479168400481243,0.4304711612172482,0.35122479017600267,0.32754005177242423,0.3472949546830954,0.4005779954731224,0.6456112260014535,0.25176206562370496,0.5878170071427278,0.6913156102220974,0.4320228230013594,0.40977365733207455,0.36027371122045826,0.35936318033916487,0.2959439742802617,0.4953513758169708,0.418836509606468,0.3709187178321504,0.7287563065539736,0.340114175030315,0.12359052651925173,0.2971332255756107,0.270309960486926,0.26101155686805233,0.4630194252546688,0.11560000963518065,0.4548187598255718,0.7524797797097567,0.25931505167066804,0.41547194488716677,0.4202599546385868,0.3051766392183552,0.27040084805907655,0.46499388635294153,0.3891710472516213,0.4130541337856832,0.7882458730306231,0.6732898364988531,0.5015705262000079,0.3480100040035361,0.3638859409629069,0.3786803548194191,0.27360125222234644,0.26450107569595516,0.5078506550960681,1.0,0.6029528155308946,0.5492735522100991,0.09675034096186257,0.471423207033824,0.25282421538006294,0.5029523398351764,0.6136031674043823,0.39011189102574545,0.7665901370124163,0.4287610588853968,0.4448689804995044,0.3657340452061432,0.1995539542942026,0.3952349040797984,0.2426466368474682,0.5832929324594873,0.39885659546837904,0.8735568441935885,0.3598009197240556,0.6122047468209743,0.39359317868197036,0.5145860078060631,0.5480440998251724,0.5945778976028137,0.6758437341085526,0.4917593262706679,0.46238163813718325
63,0.5881911143844692,0.4871698166610386,0.5937952017185849,0.5867834566413059,0.26315028533639767,0.6287099676661789,0.6386591849735554,0.3161773762918955,0.756218692381484,0.7853222285778315,0.4891867300970677,0.4363513562779748,0.6091367718456583,0.4456293821192918,0.46239787302565205,0.4250185755237351,0.22266846170539062,0.6957854408152322,0.7347135013708779,0.4431602078722318,0.4526202832154139,0.5859906816295775,0.40078309283007024,0.5819004030797323,0.414474949114835,0.3361543144980017,0.668354332193295,0.6155049662460254,0.40439326817991744,0.27451637914951754,0.6462681652428652,0.06253294115580549,0.3621197205222918,0.35859003313149296,0.2863385534750946,0.6101017944183856,0.7864544094390381,0.2535985365894518,0.4427421831410252,0.3802699001533476,0.25526729468617165,0.3557194768370823,0.10564692001151303,0.2008038782075478,0.6563047072136904,0.5527272675653705,0.5336184369141103,0.5116235344776907,0.27800133613101996,0.589977840712079,0.4489266397763991,0.48133478861212076,0.22077544408884703,0.7664889620176971,0.6723154868291402,0.37071076297698263,0.4166038383939109,0.3621027255287295,0.579802256442176,0.28272419723594205,0.311906675219657,0.24845656695400542,0.6029528155308946,1.0,0.7517820786628556,0.35085201327452986,0.5244489950138241,0.628185772269506,0.5216690090090729,0.557980616806174,0.161333174159761,0.635344310948588,0.6461695062546223,0.44492933648068833,0.44959013441244666,0.3448888209697912,0.5924551104974363,0.3747330619236991,0.3785222154012234,0.41985594721399594,0.6795864516998097,0.4507521744411663,0.5603035229999236,0.48764115576462796,0.3794024103174,0.6678886007484576,0.5961521534809859,0.5173347483623532,0.3816332176848841,0.17189514825837726
64,0.7169515411160444,0.5757726971185062,0.3295318364117182,0.5006616113396251,0.35928416036758676,0.5985000832205267,0.6947426983709756,0.46585390461931103,0.7416638289509502,0.7520740480097355,0.6227313342798384,0.3521440237928003,0.6556957161381652,0.567073785340799,0.7313624899893901,0.5799430904290608,0.42693903863797933,0.677506084066734,0.753440954319411,0.7155925278368609,0.2913581442328002,0.6178956559414058,0.5620281346092393,0.7346239571594282,0.47536167600402995,0.5178513106950902,0.6025502766654133,0.38586315745550076,0.538712480720497,0.2788073406602733,0.6133330242105001,0.0052459145757330124,0.35193062069143327,0.3989558501572216,0.33109230903666254,0.5263421923341739,0.7339303373891592,0.6441212996181078,0.5332027946247745,0.22862971770612034,0.4745306810387424,0.5041023080101199,0.3285588906938321,0.3552182149665236,0.6518067609626786,0.4405178148522342,0.8361482587235136,0.5175300386463483,0.026366864303323176,0.5242078263128875,0.46369580471327915,0.40740058098301424,0.3278454659447631,0.5439924137902488,0.7374248359727649,0.6994170376944294,0.5380148534317422,0.09989047716608777,0.520807694938134,0.1252834287539945,0.3609384926753824,0.4432150144412521,0.5492735522100991,0.7517820786628556,1.0,0.2701849020210504,0.21509035344911892,0.5336132734743475,0.4201529425246551,0.5996212118733237,0.26391544654423604,0.5165146901646039,0.5854201124616418,0.7734773709240877,0.48432710656103306,0.13979152935244543,0.5556392200105944,0.2649146627278942,0.40564857127146287,0.28211559458829494,0.5780451977251827,0.4513925793424738,0.7421108450762102,0.5444002354805384,0.27694270184216896,0.5988874894733384,0.49041611837385757,0.5571823041156955,0.46284722625719144,0.30332293180492537
65,0.14299347223829117,0.3877817628952993,0.24619433980324135,0.3533951148956888,0.04284529429175465,0.06374907949200098,0.46381450976209154,0.11090274699103853,0.2227220314392263,0.2642426373170747,0.41527253037662465,0.30040426623058436,0.291087654567695,0.5169245852498268,0.004638554749329447,0.613022428731243,0.056240030583677346,0.39935166135135775,0.24368764586290287,0.28795758161290935,0.2393607133417047,0.3506233494195109,0.4764441345387182,0.15308902523852233,0.8689810249596528,0.09867853420945553,0.3611689147124375,0.18472948387343724,0.17114153822372433,0.4568356349108431,0.29291699545737104,0.19444209961049957,0.07108446634587312,0.2955344175220618,0.19511246549915245,0.20117904314914084,0.23837275323467502,0.05402547511711549,0.42841374304178514,0.1598955013464008,0.2689526885998443,0.08729839886941777,0.282541739982459,0.06754076822840098,0.08421281793674118,0.06206181660365123,0.28550485334828724,0.5639751318212414,0.008051401591055822,0.1966132964591382,0.2887633711318247,0.6330445267061503,0.15747260895611262,0.3887509417119392,0.063320842209478,0.21296824985736948,0.3241475664099576,0.03768577341076464,0.1957907323258363,0.42751706970594655,0.4269667132571523,0.014200035909406192,0.09675034096186257,0.35085201327452986,0.2701849020210504,1.0,0.2511495114282889,0.40645391304944073,0.6458277706807757,0.20041261889526332,0.02675826234323934,0.34781949273268303,0.10865265407620789,0.15349048785101052,0.28292469097376755,0.2639803939147131,0.22948043701707332,0.32716369648842786,0.037577057623078544,0.2519924637061895,0.2801276239662395,0.0028375399662479706,0.12785345993240677,0.3106344709360745,0.11935965266445658,0.10890996589722612,0.4204771286884872,0.07127407277399901,0.3099218749220211,9.918683901494622e-06
66,0.1277191809576356,0.22611881176447676,0.763296545499191,0.540636772230636,0.3547485045673175,0.5545758505905227,0.35715943779535275,0.33893376087094956,0.5249652049352448,0.44058599646572233,0.18875510704270554,0.6204277080267472,0.40443605322021303,0.3983486646073254,0.3410957507371546,0.46093017566055844,0.29676741856020883,0.604904217946784,0.37700645227926655,0.0022534838063985817,0.7235791245521553,0.39218111260655203,0.2684343730196437,0.4703688690744845,0.2912443492691283,0.38309562861459145,0.5100700585450688,0.6272702413511897,0.31831581155586774,0.3639286222956887,0.49937287715749223,0.36107278600507303,0.6244167083471646,0.5764644870028721,0.6290985123997453,0.742010803499493,0.4481613208544978,0.004425438752843132,0.27440943528700723,0.7285908808291743,0.4510653129609374,0.5433470275547891,0.23370389829615895,0.3238000345951565,0.6454205332134243,0.35409780076588915,0.0926686174982685,0.31984883468465164,0.7902336684681276,0.49245381237211455,0.6131717980050181,0.5290373667002893,0.4437624834624096,0.6789630843278142,0.13602746080236303,0.09726137844870397,0.08760496566997694,0.6578203055056265,0.4244117336133151,0.04246049690622356,0.3472071695393406,0.2980763608053078,0.471423207033824,0.5244489950138241,0.21509035344911892,0.2511495114282889,1.0,0.49404544569102526,0.5835500136051432,0.548993768740461,0.37293261980601505,0.6626665761726838,0.370749603852025,0.09847764620411976,0.1701434786349574,0.6202098339602307,0.34156039958598233,0.27898566358851584,0.5526934586973342,0.4929112778401325,0.6320834222858066,0.3390771644632411,0.14143839768202385,0.420395123273054,0.7347686844054038,0.49330671406416193,0.6188989143049018,0.6536909860031828,0.5302526689039433,0.39530378048934717
67,0.2501214700480344,0.49369142302991453,0.48289678070309705,0.885209860852002,0.4740124119715037,0.3723251665649195,0.3911043539597807,0.164807923536628,0.5320015297487849,0.5123923357126959,0.5544140761670568,0.39350348940346985,0.8210052919247863,0.4892416002749565,0.2893275805491489,0.38662615437191955,0.09885572214870654,0.45683350623352564,0.5834794376219168,0.32145312678452265,0.5254055086374796,0.9138374885876137,0.5112562666304801,0.43140660038338813,0.4289637223383157,0.2599774555921876,0.4546166074403795,0.4476727942090879,0.3079119896591856,0.3513876002655416,0.931092710120291,0.32434215927974464,0.3123506610110801,0.4132209105724292,0.3707654739792089,0.46280946739584694,0.6115950850422361,0.2768268690616438,0.6213781038714805,0.44421791443622183,0.46958503233903354,0.4400416370992336,0.36523249004664454,0.1575130255110528,0.525078172277002,0.4584357997612883,0.36487556285978073,0.6077415417376388,0.3298741899027533,0.9007168822607093,0.42467608661180056,0.5019147460075651,0.29382443561526245,0.4833644925261816,0.1867828110868025,0.15707827239904135,0.6107345588309742,0.3377183332767206,0.8888422616057955,0.20405361702126323,0.36524399783330863,0.18178083011626592,0.25282421538006294,0.628185772269506,0.5336132734743475,0.40645391304944073,0.49404544569102526,1.0,0.5077748040652007,0.33035265902131794,0.08601763676212071,0.48221560707537675,0.37150958687888774,0.22595708987038493,0.361602853550748,0.3694773775733573,0.7962322624394083,0.3516485581520868,0.2477651809216151,0.1807778823635867,0.4196333150606338,0.16942727807563696,0.2582145690065341,0.44698648154462445,0.36375027027644574,0.8303501932498103,0.3231244040494009,0.28902052947120244,0.3311338798825639,0.14198602011723385
68,0.11895468202555777,0.31426619718648124,0.36689659663774016,0.48303023940865325,0.1625255922943193,0.41490056817027493,0.7052420099847183,0.3427773810899297,0.3643175380020914,0.31121457372046424,0.2979185264563701,0.315795616092489,0.24634802966556452,0.45304034917570474,0.15998778170046543,0.6877957291817074,0.24324375844777463,0.43098138526404217,0.2878388315468495,0.0990498936142631,0.30775776828926127,0.5131355747688622,0.6118748279398502,0.5320336373236509,0.6993983866786203,0.37938542480254794,0.4637071986597784,0.4270790488486992,0.16437244974344892,0.6023718370633735,0.4638192763375066,0.6107428752506924,0.48228985225576226,0.7492280846367253,0.49346565084618793,0.48668465462376626,0.39522083252803925,0.030459570905382875,0.5173451103704642,0.261628639838284,0.6330077058964461,0.3938229389565105,0.46786340628720513,0.2591499896675044,0.43696317522351125,0.3447100994550735,0.22713432637365483,0.6521715381394336,0.21839029816744412,0.3839950194650895,0.7030111907604617,0.9382760067074061,0.47521411673755326,0.7461531586492279,0.31212901598967063,0.10886616229138475,0.4095817845717852,0.19424785698474936,0.4047537452065372,0.5373748130888635,0.7409349006746244,0.38089552142413924,0.5029523398351764,0.5216690090090729,0.4201529425246551,0.6458277706807757,0.5835500136051432,0.5077748040652007,1.0,0.6315362179917616,0.2839636123700561,0.7672352429522227,0.2995675940488095,0.15306585248031024,0.3229894481481476,0.209307744035031,0.44165689292611604,0.40061549247106065,0.35497835040894804,0.5823150979487997,0.4972063440596034,0.05467200021131641,0.1343067790608741,0.3396068273020336,0.3167093264057371,0.4197482261270219,0.5774061788358663,0.4629198346256048,0.6887289760942841,0.30765842372807284
69,0.1833924209273663,0.09917634662098591,0.44737391327118403,0.2546328457614368,0.14590653049857336,0.8342927145478682,0.7177757423040795,0.41942162718078,0.5474337748244087,0.3634989221843026,0.06500113785642171,0.3346578233012862,0.2603472256997302,0.26754065866078297,0.7004903727192701,0.7175974267541482,0.45094501820813054,0.5223117692247888,0.3281324517836198,0.11395889661041246,0.30944790930692867,0.3613426735046717,0.39616128100248055,0.88307916622222,0.49683300001447217,0.5645017501601559,0.536397380019653,0.35451885845107034,0.17402588065362257,0.2757980955325583,0.3602766705704667,0.2908556396058684,0.7070573403192569,0.6140756391072811,0.43214434138062574,0.6141041745542615,0.4376176546489902,0.22857445985857305,0.26182211432017133,0.401005382832631,0.5921372282508649,0.7966707402272792,0.44602882090629925,0.3464769074151416,0.6280532121823232,0.27295698467397134,0.37537417578226956,0.25048673315315356,0.2714194446167762,0.28678102806733347,0.8564659900887873,0.6579448296070931,0.3829855441060431,0.6410662609776966,0.5110802620965599,0.25851367127578917,0.12816043933186197,0.33445533826679225,0.36137488703419085,0.14670327724699736,0.638326103975208,0.4913254533880348,0.6136031674043823,0.557980616806174,0.5996212118733237,0.20041261889526332,0.548993768740461,0.33035265902131794,0.6315362179917616,1.0,0.33493666757782303,0.5802864097451936,0.4362827130413154,0.3460195623769813,0.19149050947746776,0.23554646024541742,0.3852283330827729,0.24080476472803403,0.6847474812608257,0.6667085896703145,0.6603255719125574,0.27368620367910806,0.2598497132576405,0.1609747540491986,0.3518803098974602,0.45032480865931657,0.5473227987297614,0.8373034893672132,0.5754798564239559,0.384349581719389
70,0.09844864801476928,0.501302557352901,0.4302035052373006,0.1660441915576176,0.17600549985557865,0.2876649841865118,0.32085571150401093,0.9417573878718254,0.26952459223826347,0.23821055549950668,0.281149277359333,0.44858534395565997,0.054797704828740426,0.384476407542651,0.3912820114265054,0.4214752523803901,0.9048419703235598,0.29115229415119204,0.4069269462970324,0.2243277904530757,0.49425821672029857,0.1688309890529748,0.4815490289083097,0.4950296744097148,0.15541299733158068,0.8890806559280663,0.23214813473799703,0.2348402699029151,0.23427211685731525,0.5453737735256085,0.1812403740884697,0.10936090828453444,0.48306050385825827,0.1884227111430102,0.8132615154694803,0.2867107276326853,0.34684789643355235,0.11619875128981758,0.47707682941576235,0.478412313123599,0.6263924189509655,0.38354838578737105,0.34293108564988267,0.9350638588729451,0.30056435250858854,0.1357646455133693,0.31340676591141414,0.37703975389170524,0.4878823916745325,0.17583786299223939,0.4478190392959415,0.1333682898174541,0.9055901542763013,0.37061107933619664,0.19839685442634808,0.09145174733467164,0.3819189938337809,0.4588351555790841,0.05553425870126588,0.115016967597006,0.17150159647351895,0.9232828018823467,0.39011189102574545,0.161333174159761,0.26391544654423604,0.02675826234323934,0.37293261980601505,0.08601763676212071,0.2839636123700561,0.33493666757782303,1.0,0.43981928631505185,0.6421686447606078,0.5061369007311628,0.6301773206479571,0.5640637359713536,0.20442682422583197,0.5821903704667573,0.5790696816426696,0.5115047193110839,0.35200636337132996,0.4049667230919857,0.20817057582078985,0.5781811951644256,0.5919986725826523,0.18324299760023394,0.5044305387220654,0.6347064824085882,0.48703908945037233,0.9479430800174501
71,0.24311891032103433,0.39431628378136274,0.3627268585391165,0.5003326172561717,0.18315231978088617,0.3757823886395943,0.491206799494375,0.45549226981187607,0.6504647485237977,0.45044727242983185,0.39613218320653254,0.32003132231611997,0.31693623165423407,0.3685421349446782,0.3355929451250911,0.5114389246862037,0.40755007939970983,0.6906107556162646,0.3950583245092881,0.2099234539827961,0.38637229431850206,0.5333472476433541,0.4464321050509702,0.5544012829620005,0.38405783439073016,0.5268265405648301,0.6504309901457352,0.3700225402688603,0.1912116502048214,0.4352411527036618,0.53002278103501,0.3956384927693251,0.37117787327842844,0.5046134127365686,0.45310425976681523,0.5703515043780251,0.4628255239847107,0.019617824461432464,0.5134990091905144,0.28753278975076557,0.5076469607509476,0.39502941479216164,0.24793138169914522,0.4487863480959707,0.7471350312152574,0.2940309786519522,0.24962230454934545,0.5695559419990798,0.3088758554110789,0.484837510261144,0.5194892666663148,0.6302172342275852,0.4905135230503632,0.7588623609518068,0.3667907992389422,0.13124800859556168,0.4278452739940562,0.2415740095038453,0.42601730675872146,0.23068757531763184,0.4670857286662024,0.5251277861861356,0.7665901370124163,0.635344310948588,0.5165146901646039,0.34781949273268303,0.6626665761726838,0.48221560707537675,0.7672352429522227,0.5802864097451936,0.43981928631505185,1.0,0.4683586043215786,0.4064009850400892,0.49764093052356334,0.2795796614229966,0.5254762018307256,0.36131814937933365,0.4464366104469349,0.5150188232305164,0.7147405992988515,0.15585123171805337,0.3392099399814696,0.5752551474787478,0.47090691583493893,0.5848797871413799,0.5765844238356812,0.5478791641349168,0.7839627412090643,0.4515546536432199
72,0.5112753887045869,0.6687768886912958,0.5651114788421864,0.4778949441935584,0.29230562221507134,0.586737598663734,0.5363837892547945,0.753785587660823,0.7135799746172072,0.6599862261889132,0.3777074472066043,0.373813770183138,0.4499624016018818,0.43893126491534984,0.5734465455122781,0.3343969724361202,0.6748372915484147,0.46569764605234776,0.7792789293248547,0.490120067490591,0.413587686113023,0.45564575276841474,0.47379694109718695,0.6354781813561914,0.12438442272304788,0.6661952675964968,0.5736504780754751,0.5486358004142208,0.37148899111847467,0.4224141900716996,0.4857812791559609,0.1287299879743956,0.46526264654580013,0.1837153171353129,0.5977703504038203,0.3593086052546999,0.8119846270860521,0.3374044416324549,0.4743468555413891,0.3923693202735516,0.49459794066006224,0.48675838654976405,0.23797039148389293,0.6648516503446463,0.4796743682878812,0.5216510870575471,0.5378313699539031,0.40437283827886716,0.32816866184500615,0.46552841213020424,0.5349451934626971,0.2584629740481461,0.6426533080818146,0.5452455920481265,0.5942448319463597,0.34053568767015185,0.4844122437664261,0.46009523987747364,0.4195314887406213,0.17288572414154946,0.15597945240016003,0.693344408030542,0.4287610588853968,0.6461695062546223,0.5854201124616418,0.10865265407620789,0.370749603852025,0.37150958687888774,0.2995675940488095,0.4362827130413154,0.6421686447606078,0.4683586043215786,1.0,0.631475066479106,0.6575959136211256,0.6142177318677854,0.5440065218597797,0.7077693024576034,0.6124209988401973,0.4291170949727969,0.4965693567454421,0.6172581369716258,0.4906316168406316,0.5928998413934758,0.3760361120509678,0.4802499454921907,0.6426590004230431,0.6469073752197035,0.3668671243784682,0.6429204911589024
73,0.6722724715618692,0.6738646947622696,0.2074256436379275,0.3307691426274373,0.21579588573201172,0.36487032785052664,0.43045304671409096,0.6515362727502984,0.6291980521526358,0.6434395786934686,0.654035509796587,0.38051572942065526,0.4887385731150605,0.6142008394980669,0.7195172320868137,0.45852845442992,0.6873022668521999,0.6182070290712045,0.6636706335289712,0.8167836970998255,0.24713672687927055,0.37845409329064916,0.5357312578950498,0.622156314952287,0.2884442315540417,0.6678731848953082,0.5618991942233821,0.1921503338453687,0.589774730821971,0.358285564214954,0.36392124731669023,0.12535823859472509,0.26313352479351215,0.16404457962519034,0.4088862434554007,0.33739411357314175,0.5214552012669176,0.7001961740137693,0.5099576984379451,0.22615622699761864,0.44400054326766913,0.43793232541959287,0.16200777865664057,0.5983659079208932,0.5463419375453616,0.16464816522803613,0.8128423748609985,0.4316310051508581,0.040282045435940425,0.3161886341125413,0.3045766521206983,0.09959944343070207,0.48977697435171685,0.2973616774331265,0.5908513257047542,0.7245870533718868,0.5498315720758497,0.05282783137392077,0.2342750305538208,0.04816870125631081,0.05501242250325445,0.5839286014912345,0.4448689804995044,0.44492933648068833,0.7734773709240877,0.15349048785101052,0.09847764620411976,0.22595708987038493,0.15306585248031024,0.3460195623769813,0.5061369007311628,0.4064009850400892,0.631475066479106,1.0,0.7130196336134805,0.31505697124123455,0.36140496936117683,0.4313165445386254,0.5252520684304779,0.16320206448317198,0.43713568712405537,0.43710206864393036,0.699441980325283,0.6842381689698043,0.2877591751225648,0.3120286778134982,0.48724544685417664,0.4832168124316241,0.3898761373059862,0.5388718546642758
74,0.320016432194443,0.72717260589723,0.3259820100109739,0.35869298098979924,0.03739715602720406,0.15391865500366303,0.3566100869897757,0.6568571631509806,0.3884384809728486,0.5320657892362103,0.7292580635259795,0.48286602013846464,0.3379207060134057,0.5801329533853608,0.3210946169066326,0.36337013716424976,0.6207832860052392,0.3738751669834812,0.6332406145028697,0.5448531414678813,0.4582719373354776,0.43400772195626586,0.7048447120468436,0.4279042552907296,0.29546948839427567,0.6489212135103716,0.32015032702317076,0.19330208473153682,0.3448339811888556,0.5957871376496936,0.3856444835080081,0.053932376830644536,0.24622398430492176,0.09269241716538923,0.439486302090461,0.16853284649260392,0.46271353276182775,0.22888744817317921,0.7497638987531313,0.3722585628526004,0.5330262247343754,0.23037247874516678,0.050681383367565475,0.7029045285729587,0.36694098312304124,0.12167963219606918,0.5034321783857949,0.7126762051578642,0.23197086825224045,0.37255807165655136,0.291043329202555,0.19407923561341775,0.6243963097017539,0.3695570313735044,0.3194081008226751,0.3158288459633158,0.778009087878101,0.23876950285561294,0.2538764074163102,0.14192035147556875,0.16097755249836482,0.6179967036608084,0.3657340452061432,0.44959013441244666,0.48432710656103306,0.28292469097376755,0.1701434786349574,0.361602853550748,0.3229894481481476,0.19149050947746776,0.6301773206479571,0.49764093052356334,0.6575959136211256,0.7130196336134805,1.0,0.5016856908517222,0.46675515965835845,0.7315689308728422,0.47541339047747916,0.3206198439425835,0.2989289903354168,0.1440362692089679,0.35581322041290425,0.7938293705952971,0.3863661049472864,0.34111495866729175,0.4993346419487294,0.3582467706826947,0.47205713114079645,0.6027688742623241
75,0.19538942675477378,0.49092316826365845,0.7627443829928636,0.4214543803538972,0.22651636031495498,0.36074821831378123,0.09599940645800936,0.5403740025884983,0.45582283215832886,0.4408841108482493,0.303802888792842,0.6699239492051497,0.44988681049593165,0.5195800324199077,0.34406431280814315,0.2646800687081973,0.515570258922542,0.4420848689008358,0.5446234127485073,0.2379597277084355,0.7872492975508557,0.33090851883962985,0.38379375895314605,0.3177529324717471,0.2077639122485853,0.46836983279261024,0.3492984637703137,0.5023217079650014,0.3852554990478199,0.3928665893193505,0.39277064614691803,0.16933585085243694,0.4926413094100879,0.10585059378862724,0.6605008447738522,0.42437405390194194,0.4654620550558898,0.12686453148275612,0.30441084035252935,0.7458912772277393,0.4445462090596744,0.4351309478715206,0.00155976630543387,0.5182847685127993,0.32149496988311654,0.22695196854124564,0.25620930638670303,0.33143392425162244,0.7282240682690784,0.3675242929607319,0.4081247919698765,0.11915894304979796,0.6185037758455532,0.40312733874151335,0.09558380417930433,0.01120170303963265,0.2640988595380774,0.7749054394194683,0.3498068329535744,0.10369439928339291,0.018973635597025976,0.38717279882572453,0.1995539542942026,0.3448888209697912,0.13979152935244543,0.2639803939147131,0.6202098339602307,0.3694773775733573,0.209307744035031,0.23554646024541742,0.5640637359713536,0.2795796614229966,0.6142177318677854,0.31505697124123455,0.5016856908517222,1.0,0.3235367973510476,0.7227460130870446,0.6011893266027373,0.24758846820941055,0.41730709881451744,0.415767242055335,0.23731974497839814,0.5317578846196304,0.6877931950749576,0.34556141305355315,0.7229845417038006,0.5506327744415774,0.22000392023033954,0.5750066461698157
76,0.2529459290403689,0.4935129160634592,0.23957262099653337,0.807199452760456,0.49245313594392753,0.34475459805294323,0.385160519711936,0.25396855287080916,0.5223574751689979,0.45170875717428816,0.45595268026125685,0.17153028131261192,0.7592663172068316,0.38796831285043726,0.3250918254633834,0.38944858036047814,0.15460271246930055,0.4210352907637084,0.5148314720511188,0.4100628880199974,0.3016376788842313,0.9266817070357705,0.48036785737820614,0.5096855341433184,0.2820423779859359,0.3551949708999993,0.532666263398016,0.29161832207486094,0.21964928834452202,0.3042116598535341,0.8743912312399844,0.37508625641424126,0.23974508498378325,0.33246917793790093,0.3101817233614494,0.27373391413848486,0.5850729244664997,0.3882740218267618,0.6509293101267312,0.2036234559250079,0.4012684033832794,0.4517180738381942,0.28480570103048025,0.23134607410676378,0.4717655567314209,0.484971983213917,0.3410172425591039,0.5500050700150476,0.10128243777684764,0.8839931883779171,0.39361375819580335,0.4672258795169142,0.3585443190368471,0.44898587501121207,0.33028623330268025,0.26602316486852945,0.6630718076914907,0.172562655534573,0.8644126287501328,0.30463285837768184,0.3794197985483964,0.35180977940692343,0.3952349040797984,0.5924551104974363,0.5556392200105944,0.22948043701707332,0.34156039958598233,0.7962322624394083,0.44165689292611604,0.3852283330827729,0.20442682422583197,0.5254762018307256,0.5440065218597797,0.36140496936117683,0.46675515965835845,0.3235367973510476,1.0,0.5710487193018737,0.35560417107322234,0.3559750261217519,0.4292064855915099,0.22498649036069673,0.34706217740447437,0.5361240130157816,0.19943231674017453,0.8904328137872157,0.2951551630759169,0.3227476948591699,0.4684281964667723,0.21294935446447258
77,0.1758203927480307,0.6031282330244726,0.38988422907288917,0.46872833055716756,0.17352475142979018,0.2541426976105542,0.3134048046921047,0.598929548082603,0.3164302653624271,0.3257299007436603,0.36103864268120467,0.33219828224529496,0.37777061595093536,0.4746821382784688,0.19801900821814636,0.33029678773907145,0.5108129516010783,0.2284150602950298,0.475571369157551,0.3283475778627233,0.39420984280648497,0.48196513307738453,0.5839226835966866,0.3836769565377207,0.28438345567211787,0.5094652464088929,0.34302600014795714,0.32578213103409076,0.2446002041754668,0.5715692249552341,0.4365090360590307,0.34586768282427416,0.36402290869710163,0.1694520115497597,0.5725194774744045,0.1155714986683293,0.45646819562429203,0.16694829018111962,0.5487162059295742,0.33984233828855775,0.5313310203640819,0.3142052479353337,0.0792745372809768,0.548724029307454,0.17106444277007732,0.3270010837858205,0.286420665486043,0.563428835647541,0.25942145918230886,0.4273260969911066,0.4129792796470614,0.3078041992463416,0.696927801418264,0.4018151302318376,0.2745083183284559,0.059634604090773265,0.5997512147984656,0.39834129198958823,0.40784826828917314,0.44663508789302075,0.1699840206847158,0.5540496422786513,0.2426466368474682,0.3747330619236991,0.2649146627278942,0.32716369648842786,0.27898566358851584,0.3516485581520868,0.40061549247106065,0.24080476472803403,0.5821903704667573,0.36131814937933365,0.7077693024576034,0.4313165445386254,0.7315689308728422,0.7227460130870446,0.5710487193018737,1.0,0.5342644002614789,0.3847181078429646,0.24683754227820426,0.23419815218404946,0.200817774091094,0.5632237663482709,0.2981198943991319,0.3816576617600628,0.6152583630826727,0.37134778263862406,0.3501540667521298,0.5669974087640982
78,0.2623664212333222,0.3741224465469126,0.5351308819069802,0.32847817937516244,0.20433955928415035,0.706285510472421,0.3640732764496259,0.6087595089412939,0.5435622751880587,0.45961069664361887,0.2364355386951474,0.5459764008017712,0.3258044773967374,0.4019674635581004,0.7183628928218272,0.43508672230598,0.6829522027925737,0.4713684743092921,0.48452551529778015,0.2682711636124974,0.49402514198116576,0.3385102738425642,0.48111823799857834,0.8027384716362858,0.14867316230901326,0.723485151186067,0.5519370606019401,0.4281519544691583,0.42086365509300344,0.434083254153336,0.3709652031143373,0.33347578814615697,0.7858663630086198,0.4907626249405378,0.6454801251336076,0.6288917831603009,0.3677046036734384,0.3028027406759068,0.3162287967179775,0.5667934405543675,0.6067308855984136,0.8090085579641286,0.23195430669645267,0.6730631427581483,0.6581945171121761,0.22746914192480808,0.4497964304086411,0.3188166909418641,0.5507949074386825,0.30242584037346676,0.7666029108806074,0.35246332731747715,0.6447577486173275,0.5604417730064188,0.46370510364278333,0.41068457205558445,0.2903327898014155,0.55032945611666,0.3495815945269333,0.08203808432914887,0.21826853562515577,0.6334743172826799,0.5832929324594873,0.3785222154012234,0.40564857127146287,0.037577057623078544,0.5526934586973342,0.2477651809216151,0.35497835040894804,0.6847474812608257,0.5790696816426696,0.4464366104469349,0.6124209988401973,0.5252520684304779,0.47541339047747916,0.6011893266027373,0.35560417107322234,0.5342644002614789,1.0,0.4162991461690772,0.6151034638618195,0.4221366460488347,0.34280382953284083,0.381094227199985,0.557402846520478,0.4365835391312694,0.6814059755538677,0.8292276572118252,0.4095767385554428,0.6951539455171952
79,0.12471433608453762,0.08735376231214935,0.3336386569269909,0.18589837073502874,0.05439560433115119,0.4364669511015112,0.6604556333190373,0.45328503520002833,0.1532113841822273,0.1593697893463242,0.07993112043351872,0.31283941216041017,0.040658812892167114,0.2647244968092319,0.2681820273953724,0.723333102436773,0.4154890081400098,0.2708404076706147,0.18288674893279785,0.053171013202375064,0.30040907746313017,0.2604073751026853,0.293247230612016,0.5420250428068777,0.4154691181548065,0.5288317535715205,0.19219892839437705,0.18219891382865178,0.022041955359897926,0.41570673258196034,0.22764304487436024,0.10375940188849253,0.45234456813004753,0.48244501768588144,0.4275727305195816,0.26456611318777756,0.36163459959563526,0.03997849952384946,0.5138146181178321,0.3744076095668379,0.4822290097545242,0.3846203912875973,0.4587694595716151,0.38868544865624327,0.2992871836068189,0.06548311281327922,0.030632490284326012,0.31614036547977126,0.2583364391237612,0.2442145944031443,0.559496267366306,0.5938282855601079,0.40541611516269843,0.4256696689773261,0.17828883198167297,0.17925573626897118,0.18051545072055813,0.20630364943699586,0.09066406762974229,0.05331619603170079,0.7715389898124756,0.5105486469165499,0.39885659546837904,0.41985594721399594,0.28211559458829494,0.2519924637061895,0.4929112778401325,0.1807778823635867,0.5823150979487997,0.6667085896703145,0.5115047193110839,0.5150188232305164,0.4291170949727969,0.16320206448317198,0.3206198439425835,0.24758846820941055,0.3559750261217519,0.3847181078429646,0.4162991461690772,1.0,0.41258121371240974,0.05229357148474591,0.022412251912305718,0.33136520506502876,0.3860382736529186,0.30625610499658323,0.34015284802658713,0.5952218094082166,0.7073401867361635,0.4492984803876361
80,0.4237920726090131,0.3657303481243852,0.5125635274773366,0.3992525687221863,0.14962005565418446,0.6117057001370994,0.3841895942102823,0.42684383245444507,0.7771196001058494,0.5870337695713344,0.32619865077904736,0.49598826975431437,0.4288056040172193,0.453327640002971,0.6291911001236145,0.5073318530726747,0.4575491381654087,0.8945720321647145,0.5545925596392387,0.37864182993909967,0.48145573844747636,0.44539046374751884,0.31164496767891153,0.6792712911539572,0.38940661338307203,0.5910794312949657,0.7851739715595837,0.48043851087972933,0.4391744563840934,0.28843007030479595,0.500287300128216,0.14181618927044956,0.507716705673751,0.4036304314619723,0.43161688080632027,0.833207294565258,0.4623032418826988,0.21717281255465057,0.3071625776030675,0.4483948120945797,0.2880653628962384,0.5841635287072922,0.22463168497263236,0.4030388354106134,0.8388028284066724,0.22515701352000225,0.45498387151753417,0.3368338638834543,0.41719273058861056,0.36459312986325015,0.5435773490664244,0.42871629751926904,0.3685323381495138,0.818167575295931,0.5474146246648287,0.37809017179978505,0.22732935680643063,0.47765519860651945,0.4582064692478906,0.11740984619070916,0.28785702036488536,0.4180100120955123,0.8735568441935885,0.6795864516998097,0.5780451977251827,0.2801276239662395,0.6320834222858066,0.4196333150606338,0.4972063440596034,0.6603255719125574,0.35200636337132996,0.7147405992988515,0.4965693567454421,0.43713568712405537,0.2989289903354168,0.41730709881451744,0.4292064855915099,0.24683754227820426,0.6151034638618195,0.41258121371240974,1.0,0.44800067026175167,0.6044419717291365,0.3888495284069034,0.6110907494866634,0.6106123169548263,0.6387719870761512,0.7397229101310496,0.4333126221962942,0.46492622095501607
81,0.6783522863122559,0.4709765456859603,0.5185705908514714,0.29504225549238866,0.56335561416842,0.5274658268477511,0.2960406309106632,0.5542436592917194,0.5691076654866677,0.6034132284728534,0.17709196849806405,0.3527444781152539,0.3936623784629422,0.3214459044485619,0.49234606504084866,0.145490104103685,0.4363209670695314,0.4856485439363651,0.590402974105548,0.5219064960756871,0.3279904421977999,0.1825195784004848,0.23306766967005568,0.451827169249825,0.10646725266956836,0.45462843478691317,0.5990345017814871,0.5803995531145683,0.5241608379224226,0.11640993075559104,0.27079405143029145,0.0598563088476736,0.3591755394810371,0.1465890525821078,0.5262094271043982,0.5074030656071825,0.5538705073134623,0.4067748149231154,0.016794403858894334,0.2679787058068135,0.06998590158463992,0.35494358224054245,0.14319732323983825,0.3700986464641427,0.29841795939501164,0.5812974071756004,0.6421418747102183,0.07815390402624782,0.3569371318823183,0.23022510214703792,0.3458801918651644,0.0657291611181925,0.44648719655582175,0.48888558313909963,0.6360893577176814,0.424234591809512,0.07791792423966262,0.4254505258514457,0.2965080759026008,0.0819717430492319,0.2059805097563952,0.3982777549897518,0.3598009197240556,0.4507521744411663,0.4513925793424738,0.0028375399662479706,0.3390771644632411,0.16942727807563696,0.05467200021131641,0.27368620367910806,0.4049667230919857,0.15585123171805337,0.6172581369716258,0.43710206864393036,0.1440362692089679,0.415767242055335,0.22498649036069673,0.23419815218404946,0.4221366460488347,0.05229357148474591,0.44800067026175167,1.0,0.6078343089256328,0.2976643610034648,0.3335373929016491,0.2842403719060783,0.5344277933654181,0.5110861326991247,0.04684034513564832,0.3869462167065803
82,0.8539289066201057,0.55095117293927,0.30485068927344616,0.2791867922900906,0.35474865403110184,0.3417457834597337,0.26623399456757624,0.3780580386875179,0.6518090634820948,0.7711904837929597,0.5713498274315838,0.44429158284675313,0.565901711617127,0.6136510705133685,0.5490889130338893,0.22490093188527102,0.31463438801562077,0.7318233159868034,0.6935981972976816,0.8000922268591752,0.3077815339465688,0.3832119775607524,0.40165295280469915,0.423921402823938,0.2276485225314405,0.37972021966268266,0.5540687918086485,0.45270554701797655,0.7282575388848677,0.16829096958217307,0.3706206696399355,0.01182297072806496,0.20442561661392408,0.18514979876898033,0.2574757854283235,0.540750548746797,0.572566038675327,0.6127427980625912,0.2538833348896556,0.17009746902711695,0.11324612455893221,0.24953166200694923,0.010816760135745847,0.2913030477830851,0.4895474712951669,0.2902705372370594,0.7947098015918765,0.33598466834588286,0.11646211483506165,0.27752397686991775,0.13212569872966637,0.08988720588707536,0.26467034714605137,0.4384434833363187,0.7711811024977017,0.753411699039069,0.382532830422066,0.18555628040308061,0.36225150354948504,0.24589523911182606,0.012852130061487022,0.26480672146268924,0.6122047468209743,0.5603035229999236,0.7421108450762102,0.12785345993240677,0.14143839768202385,0.2582145690065341,0.1343067790608741,0.2598497132576405,0.20817057582078985,0.3392099399814696,0.4906316168406316,0.699441980325283,0.35581322041290425,0.23731974497839814,0.34706217740447437,0.200817774091094,0.34280382953284083,0.022412251912305718,0.6044419717291365,0.6078343089256328,1.0,0.5040894136658514,0.41545632547202804,0.48144945458822475,0.5779533089601238,0.45698347537556816,0.19952177975826105,0.27570354510390493
83,0.42608938260984114,0.765357101558876,0.4375848838201722,0.5420129655864588,0.36233939233678897,0.17229780318172533,0.36104264948546183,0.5613809947510214,0.49673728235869585,0.6835090042695209,0.8216193995279486,0.6003949896884642,0.5795254638368565,0.6836947663959133,0.3890569841696405,0.47051118497991834,0.4688916940071426,0.5756478944815355,0.6950132772153345,0.6239909281118828,0.6339662406858985,0.5500173708997672,0.6409638781291708,0.3728592782577057,0.27110810453494694,0.5387807119772179,0.4055039302562007,0.3448508969860957,0.5244943595733844,0.5480469326011628,0.5458673327717198,0.08713423696554015,0.26499205606766607,0.23514921856366774,0.5076012880069706,0.3371347673028468,0.5631288190176527,0.3799832390819516,0.7737491124190414,0.48818085733771166,0.49383356719176535,0.2693513959857837,0.09074861597199661,0.5626203459849004,0.4949229859741308,0.267959111395656,0.5042461120305951,0.7276553030846127,0.4097813356466488,0.5679927975698663,0.23594189387147774,0.2462342039908184,0.5565168338046252,0.4029940252423382,0.26809327086908635,0.33136343461148887,0.6999266115598897,0.2992343031820549,0.3469419049519926,0.01774848607140277,0.19274678401916365,0.5066438497637348,0.39359317868197036,0.48764115576462796,0.5444002354805384,0.3106344709360745,0.420395123273054,0.44698648154462445,0.3396068273020336,0.1609747540491986,0.5781811951644256,0.5752551474787478,0.5928998413934758,0.6842381689698043,0.7938293705952971,0.5317578846196304,0.5361240130157816,0.5632237663482709,0.381094227199985,0.33136520506502876,0.3888495284069034,0.2976643610034648,0.5040894136658514,1.0,0.5921265696697185,0.4803202385286476,0.5211521587976442,0.40973813486511534,0.6516404802023786,0.5025277089146138
84,0.20516312498959594,0.3766449863812631,0.7665619973301947,0.3035318167370019,0.2462641912980449,0.3744274458871253,0.16500991612919622,0.5121363781864532,0.39340227749577944,0.5220957902603305,0.448858236904555,0.8639003846883484,0.37471241241410197,0.5902295157306229,0.4099879512829948,0.38007301099404694,0.4920209722217084,0.6053564619567987,0.5343704031760226,0.2042578812736967,0.9112503850357535,0.29792359198042995,0.42071207145423334,0.38124287483637737,0.2020513597929399,0.5602674076505764,0.2469164446216794,0.5390640663657633,0.5223319548650677,0.4306514433985558,0.370395104331101,0.11905759464973228,0.5924294400338986,0.3460956819538579,0.660603521538342,0.7051420868414134,0.39263752140100433,0.08752517084364114,0.3965213043438317,0.8468566206770649,0.4669402825930555,0.41841065009456174,0.11171902438884775,0.5812973943540962,0.5528222221823456,0.0888561593156394,0.2783914230418912,0.41342535011653814,0.8706702266234202,0.3341972636453048,0.3820220870194273,0.18056669136831124,0.5661489606754971,0.5165973015387199,0.1671430316486096,0.1506868286038458,0.26493899636514595,0.7568460638229082,0.26860528008618056,0.0764927754937367,0.20957756746276412,0.4289699905684584,0.5145860078060631,0.3794024103174,0.27694270184216896,0.11935965266445658,0.7347686844054038,0.36375027027644574,0.3167093264057371,0.3518803098974602,0.5919986725826523,0.47090691583493893,0.3760361120509678,0.2877591751225648,0.3863661049472864,0.6877931950749576,0.19943231674017453,0.2981198943991319,0.557402846520478,0.3860382736529186,0.6110907494866634,0.3335373929016491,0.41545632547202804,0.5921265696697185,1.0,0.442308366887709,0.647426527195203,0.7062169186436826,0.44809373816568443,0.6184345826371994
85,0.29923730431029844,0.40017732521083993,0.37915347028972146,0.7852300167580271,0.4771299035261151,0.42003675095029525,0.29037108207303114,0.21624127432173124,0.6233804327389663,0.5252649645081512,0.4387196372640559,0.31527436762431615,0.7846620387615851,0.36703802343503583,0.4123655763753152,0.3202061056288137,0.1624293376728362,0.5568543205867117,0.5534292951596901,0.319559623790136,0.4624778202833093,0.9105512024711246,0.37876704181528337,0.5191663862649247,0.19465393892446134,0.35371254658388024,0.5400861041530028,0.39313857274571085,0.29299740277158387,0.1904068568868475,0.9065728206319047,0.32383187749077913,0.3248331486142168,0.39012104389514324,0.3360666230071326,0.5189545606508418,0.5955776534017562,0.337445201197147,0.5375723652087567,0.33029620967582873,0.372621951409019,0.48420885931281216,0.23638595361477363,0.2422566498704353,0.6578031632970319,0.43389273497683933,0.358744319059546,0.48471033457687895,0.3085810850145901,0.8712070319000222,0.38480636374045707,0.4134569603703816,0.3178625082226297,0.5412195928851935,0.3669797010839621,0.34528809509025227,0.5222317449350153,0.31940479198307914,0.8744042430991297,0.19596549587919365,0.3327525666690456,0.30194994043479195,0.5480440998251724,0.6678886007484576,0.5988874894733384,0.10890996589722612,0.49330671406416193,0.8303501932498103,0.4197482261270219,0.45032480865931657,0.18324299760023394,0.5848797871413799,0.4802499454921907,0.3120286778134982,0.34111495866729175,0.34556141305355315,0.8904328137872157,0.3816576617600628,0.4365835391312694,0.30625610499658323,0.6106123169548263,0.2842403719060783,0.48144945458822475,0.4803202385286476,0.442308366887709,1.0,0.39114296503470364,0.45472985460213816,0.45376552388658375,0.24716935290165848
86,0.5225953338903494,0.5576882144017585,0.737148519293863,0.35249673876945326,0.27247266496422257,0.5714394546682071,0.4511200681240365,0.596019687881052,0.6453908819723003,0.6674247173174468,0.4081282458540432,0.6836567580049483,0.41257616822257814,0.6148918893862529,0.4824843852748022,0.43426447475357444,0.523602356740219,0.651785514012251,0.6172053540084231,0.3993261784872668,0.6424418103331094,0.34338772677810503,0.6142292255313749,0.563400627501136,0.4520115098656072,0.5216918274493303,0.5948163296035995,0.6865323688363958,0.5498480675569611,0.5175031578226713,0.3566262402270436,0.4169356604521428,0.6368539025524115,0.44694818364626054,0.6553879451029025,0.6693355526879937,0.5880782383339618,0.19394496175656878,0.2919165902716279,0.5523865946244984,0.5279207228600306,0.49756438320894614,0.09898800691641635,0.4941716835072742,0.4972288518819677,0.3909037148633063,0.5561396210107623,0.5321999843754931,0.5703714294902261,0.2653432092271788,0.6142972236987604,0.4782471196506324,0.6411239824593262,0.7161758472836381,0.5860017900964745,0.26980243673332044,0.3434613882705026,0.6291329040806157,0.34900082037132796,0.48062554517029604,0.22500937345302294,0.4614852501721011,0.5945778976028137,0.5961521534809859,0.49041611837385757,0.4204771286884872,0.6188989143049018,0.3231244040494009,0.5774061788358663,0.5473227987297614,0.5044305387220654,0.5765844238356812,0.6426590004230431,0.48724544685417664,0.4993346419487294,0.7229845417038006,0.2951551630759169,0.6152583630826727,0.6814059755538677,0.34015284802658713,0.6387719870761512,0.5344277933654181,0.5779533089601238,0.5211521587976442,0.647426527195203,0.39114296503470364,1.0,0.7295789062148407,0.43661622544394535,0.5386523902200607
87,0.31805531870363973,0.3373203274182357,0.7006701466163154,0.2561826796237263,0.2641591733859598,0.8269519607316407,0.5688387206390008,0.6762785931643216,0.6286594032362228,0.5563747091028693,0.23015963527003797,0.6327620853594167,0.32878978351219107,0.4603196724906654,0.7972169159298562,0.605603416521015,0.6868030676552372,0.6303327458528718,0.5668979560923428,0.2680917206458563,0.6157061051942733,0.31083442663152816,0.4914235936491144,0.8534998303765476,0.30346553212560046,0.7603979778349087,0.5321503137327979,0.5617353726674241,0.4353230955667595,0.4191432008683025,0.3521383737910599,0.2503422893034399,0.8353053986179925,0.5040173168834825,0.6836664855348452,0.7346604109771075,0.5464740303500136,0.2603360860618625,0.31536545869586313,0.6751528148375399,0.6394572843001942,0.818272688135269,0.3585234304223785,0.6496852200676371,0.6800664413382231,0.28826160557320374,0.4728267601587246,0.3033174451300851,0.6108577880845587,0.29308899843240066,0.8067576878563215,0.422183078899608,0.6295880540114477,0.663442009437422,0.5454360807207491,0.3683531498072181,0.22442297209880024,0.6574761165991619,0.3339405867071533,0.049913257428192595,0.41751263138038064,0.6750737072479562,0.6758437341085526,0.5173347483623532,0.5571823041156955,0.07127407277399901,0.6536909860031828,0.28902052947120244,0.4629198346256048,0.8373034893672132,0.6347064824085882,0.5478791641349168,0.6469073752197035,0.4832168124316241,0.3582467706826947,0.5506327744415774,0.3227476948591699,0.37134778263862406,0.8292276572118252,0.5952218094082166,0.7397229101310496,0.5110861326991247,0.45698347537556816,0.40973813486511534,0.7062169186436826,0.45472985460213816,0.7295789062148407,1.0,0.5294895116031662,0.6831818234819971
88,0.06187037550407324,0.330125317887665,0.25250958575767435,0.3846897441454161,0.1789454405348885,0.29524537176014,0.5697465533447983,0.4297316251343345,0.3784538551823024,0.32337317847704466,0.4203324569156565,0.34641593430458806,0.26751529703987403,0.4082279090696392,0.3430511132424961,0.6978158810508702,0.3878303259526995,0.4368570327941906,0.28740202036222695,0.15843464195894635,0.38408160755146625,0.4858634947479554,0.4976506051407021,0.516073729600411,0.397257400353876,0.49300661983013855,0.31020600551792377,0.17733229426748082,0.14281410361343122,0.48392425502496206,0.42793650199704947,0.33850744700462704,0.39679944908237524,0.5997689171013824,0.4476452127923756,0.35100115262175546,0.4084666405331016,0.19302514425839068,0.6754798306558052,0.3224396548010423,0.6853297293670524,0.4203995855736079,0.423931589888149,0.4358486956146005,0.5372502182039656,0.15265822262059944,0.19117745638729225,0.589568524242032,0.2640139393229713,0.4267910496083424,0.5090255216125635,0.656235171921624,0.4757928507820795,0.43260889884201537,0.14936082379705043,0.029859917598355684,0.42634564301149996,0.10322023121720426,0.242428342735917,0.07399685325314008,0.7253226045645739,0.5344508379481812,0.4917593262706679,0.3816332176848841,0.46284722625719144,0.3099218749220211,0.5302526689039433,0.3311338798825639,0.6887289760942841,0.5754798564239559,0.48703908945037233,0.7839627412090643,0.3668671243784682,0.3898761373059862,0.47205713114079645,0.22000392023033954,0.4684281964667723,0.3501540667521298,0.4095767385554428,0.7073401867361635,0.4333126221962942,0.04684034513564832,0.19952177975826105,0.6516404802023786,0.44809373816568443,0.45376552388658375,0.43661622544394535,0.5294895116031662,1.0,0.44428160495167757
89,0.17003626198721336,0.5208051505969974,0.4395015655041783,0.2301689392517038,0.16189172075564565,0.36915297711733364,0.30362906047146526,0.932006771805192,0.3553218215684862,0.2721495938912967,0.2948201423109693,0.48330745373977246,0.11184530111033146,0.46222036023684504,0.47454168258119966,0.4071987469604725,0.9415222590797014,0.35336405778898783,0.4640370758613054,0.27116639551178884,0.48217341346682907,0.22649227776987302,0.4911195493843723,0.5781074541187509,0.15091276348020954,0.9262396980515966,0.30247079574789976,0.30186621070124703,0.3462270685161507,0.5833028335755517,0.25128876072485967,0.15822821254394182,0.5736646505025043,0.300874694588499,0.8506342899558896,0.42434788530239625,0.36735885950350483,0.2058664901491712,0.4765426662429926,0.5097763734525582,0.6807509271397403,0.4905629101675196,0.42144196962898134,0.9702137787319189,0.43225394624521724,0.13222772093375842,0.3744614070459386,0.3708455644320784,0.5014634092299548,0.19595113737232395,0.524389409109201,0.16944361228901217,0.9129497000483798,0.4248177601445249,0.2604329645054562,0.18610770669621698,0.40068447514862954,0.4908815156731174,0.14561233591273282,0.08518718008906585,0.19485791853968248,0.923872306696803,0.46238163813718325,0.17189514825837726,0.30332293180492537,9.918683901494622e-06,0.39530378048934717,0.14198602011723385,0.30765842372807284,0.384349581719389,0.9479430800174501,0.4515546536432199,0.6429204911589024,0.5388718546642758,0.6027688742623241,0.5750066461698157,0.21294935446447258,0.5669974087640982,0.6951539455171952,0.4492984803876361,0.46492622095501607,0.3869462167065803,0.27570354510390493,0.5025277089146138,0.6184345826371994,0.24716935290165848,0.5386523902200607,0.6831818234819971,0.44428160495167757,1.0
